0.000000000000000000e+00 0.000000000000000000e+00
1.000000000000000000e+00 0.000000000000000000e+00
2.000000000000000000e+00 1.018315089199932117e+03
3.000000000000000000e+00 9.644078786599199020e+02
4.000000000000000000e+00 9.124614120482482349e+02
5.000000000000000000e+00 8.732190393140896276e+02
6.000000000000000000e+00 8.461458158643780507e+02
7.000000000000000000e+00 8.286027252217915020e+02
8.000000000000000000e+00 8.179301005314767963e+02
9.000000000000000000e+00 8.128581743347981501e+02
1.000000000000000000e+01 8.118071568696141185e+02
1.100000000000000000e+01 8.135895541286604384e+02
1.200000000000000000e+01 8.180149345054574042e+02
1.300000000000000000e+01 8.244290445792688615e+02
1.400000000000000000e+01 8.319273153522906341e+02
1.500000000000000000e+01 8.404134629941282810e+02
1.600000000000000000e+01 8.501347113983248391e+02
1.700000000000000000e+01 8.610423621112219053e+02
1.800000000000000000e+01 8.718967365429004985e+02
1.900000000000000000e+01 8.849363214115016945e+02
2.000000000000000000e+01 8.978597832153841409e+02
2.100000000000000000e+01 9.111554585563650335e+02
2.200000000000000000e+01 9.249358528773450416e+02
2.300000000000000000e+01 9.387921896480363557e+02
2.400000000000000000e+01 9.530176696350597467e+02
2.500000000000000000e+01 9.678102146881768704e+02
2.600000000000000000e+01 9.827328517762882711e+02
2.700000000000000000e+01 9.981133534295404388e+02
2.800000000000000000e+01 1.013705206873556563e+03
2.900000000000000000e+01 1.029505626820241332e+03
3.000000000000000000e+01 1.045788714313684750e+03
3.100000000000000000e+01 1.061887297165591008e+03
3.200000000000000000e+01 1.078529302701875167e+03
3.300000000000000000e+01 1.095186844591975614e+03
3.400000000000000000e+01 1.111877119742181094e+03
3.500000000000000000e+01 1.129290122972594872e+03
3.600000000000000000e+01 1.146593666004588840e+03
3.700000000000000000e+01 1.164149790919544785e+03
3.800000000000000000e+01 1.181898320492105313e+03
3.900000000000000000e+01 1.199793024118198446e+03
4.000000000000000000e+01 1.217859870904993159e+03
4.100000000000000000e+01 1.236097556777474438e+03
4.200000000000000000e+01 1.254507106982802725e+03
4.300000000000000000e+01 1.273077130129136094e+03
4.400000000000000000e+01 1.291833377367034700e+03
4.500000000000000000e+01 1.310816457234302106e+03
4.600000000000000000e+01 1.329974470156661255e+03
4.700000000000000000e+01 1.349294041533511745e+03
4.800000000000000000e+01 1.368758428607531187e+03
4.900000000000000000e+01 1.388365745515643539e+03
5.000000000000000000e+01 1.408180961604362437e+03
5.100000000000000000e+01 1.428269553531636348e+03
5.200000000000000000e+01 1.448572745351786352e+03
5.300000000000000000e+01 1.469009983097908844e+03
5.400000000000000000e+01 1.489552710750916503e+03
5.500000000000000000e+01 1.510187228350397390e+03
5.600000000000000000e+01 1.531019257682938587e+03
5.700000000000000000e+01 1.552156795306113736e+03
5.800000000000000000e+01 1.573567267012068896e+03
5.900000000000000000e+01 1.595173527344526292e+03
6.000000000000000000e+01 1.616965284743495886e+03
6.100000000000000000e+01 1.638956330443031220e+03
6.200000000000000000e+01 1.661145365577527400e+03
6.300000000000000000e+01 1.683540317204894336e+03
6.400000000000000000e+01 1.706134254088009357e+03
6.500000000000000000e+01 1.728942528389419294e+03
6.600000000000000000e+01 1.751996191883026995e+03
6.700000000000000000e+01 1.775285102938997397e+03
6.800000000000000000e+01 1.798785106087984786e+03
6.900000000000000000e+01 1.822464615759991375e+03
7.000000000000000000e+01 1.846306901343020627e+03
7.100000000000000000e+01 1.870297265056205106e+03
7.200000000000000000e+01 1.894533142545094734e+03
7.300000000000000000e+01 1.919106574016481545e+03
7.400000000000000000e+01 1.944005601191144933e+03
7.500000000000000000e+01 1.969210835927363178e+03
7.600000000000000000e+01 1.994662937903377951e+03
7.700000000000000000e+01 2.020246759365314574e+03
7.800000000000000000e+01 2.045963195927057313e+03
7.900000000000000000e+01 2.071872568875626257e+03
8.000000000000000000e+01 2.098012913435637074e+03
8.100000000000000000e+01 2.124421695936210654e+03
8.200000000000000000e+01 2.151111824866594816e+03
8.300000000000000000e+01 2.178058498332386989e+03
8.400000000000000000e+01 2.205259199002210153e+03
8.500000000000000000e+01 2.232703980845827118e+03
8.600000000000000000e+01 2.260387647576216295e+03
8.700000000000000000e+01 2.288279432543213261e+03
8.800000000000000000e+01 2.316360747468226691e+03
8.900000000000000000e+01 2.344642717678963436e+03
9.000000000000000000e+01 2.373129040490249281e+03
9.100000000000000000e+01 2.401830095121199520e+03
9.200000000000000000e+01 2.430745845384329186e+03
9.300000000000000000e+01 2.459890365583004041e+03
9.400000000000000000e+01 2.489255445777981549e+03
9.500000000000000000e+01 2.518855161987629344e+03
9.600000000000000000e+01 2.548681306175978534e+03
9.700000000000000000e+01 2.578733099733485233e+03
9.800000000000000000e+01 2.609017193546455019e+03
9.900000000000000000e+01 2.639510526304464747e+03
1.000000000000000000e+02 2.670227179700185388e+03
1.010000000000000000e+02 2.701158951663657717e+03
1.020000000000000000e+02 2.732305069788147648e+03
1.030000000000000000e+02 2.763649906292849209e+03
1.040000000000000000e+02 2.795192691426043893e+03
1.050000000000000000e+02 2.826925228405443704e+03
1.060000000000000000e+02 2.858839321748801922e+03
1.070000000000000000e+02 2.890926777243985271e+03
1.080000000000000000e+02 2.923171973559033177e+03
1.090000000000000000e+02 2.955581575594354035e+03
1.100000000000000000e+02 2.988139964324016091e+03
1.110000000000000000e+02 3.020839105905974520e+03
1.120000000000000000e+02 3.053679018932639792e+03
1.130000000000000000e+02 3.086652450331002001e+03
1.140000000000000000e+02 3.119752147856803276e+03
1.150000000000000000e+02 3.152970860008755153e+03
1.160000000000000000e+02 3.186308764290388353e+03
1.170000000000000000e+02 3.219758610419630259e+03
1.180000000000000000e+02 3.253305720238506638e+03
1.190000000000000000e+02 3.286950272674339885e+03
1.200000000000000000e+02 3.320685018601348020e+03
1.210000000000000000e+02 3.354502709106246584e+03
1.220000000000000000e+02 3.388388667057459315e+03
1.230000000000000000e+02 3.422343072080484035e+03
1.240000000000000000e+02 3.456358675437937109e+03
1.250000000000000000e+02 3.490420799967469975e+03
1.260000000000000000e+02 3.524529625078456775e+03
1.270000000000000000e+02 3.558670473305764972e+03
1.280000000000000000e+02 3.592836095324847520e+03
1.290000000000000000e+02 3.627026669926298837e+03
1.300000000000000000e+02 3.661227518950428021e+03
1.310000000000000000e+02 3.695424032987570172e+03
1.320000000000000000e+02 3.729624163446723742e+03
1.330000000000000000e+02 3.763806217113930416e+03
1.340000000000000000e+02 3.797970785632594016e+03
1.350000000000000000e+02 3.832103603796012976e+03
1.360000000000000000e+02 3.866205263003989330e+03
1.370000000000000000e+02 3.900261497929064262e+03
1.380000000000000000e+02 3.934265471645798243e+03
1.390000000000000000e+02 3.968202919019652199e+03
1.400000000000000000e+02 4.002081860207697900e+03
1.410000000000000000e+02 4.035880602316237855e+03
1.420000000000000000e+02 4.069592309620607011e+03
1.430000000000000000e+02 4.103217575341324846e+03
1.440000000000000000e+02 4.136734708376690833e+03
1.450000000000000000e+02 4.170144303544057038e+03
1.460000000000000000e+02 4.203417243273011081e+03
1.470000000000000000e+02 4.236546696206081833e+03
1.480000000000000000e+02 4.269518403949555250e+03
1.490000000000000000e+02 4.302318109577218820e+03
1.500000000000000000e+02 4.334931557784298093e+03
1.510000000000000000e+02 4.367336906526600615e+03
1.520000000000000000e+02 4.399541388431630367e+03
1.530000000000000000e+02 4.431529792985886161e+03
1.540000000000000000e+02 4.463301768593154520e+03
1.550000000000000000e+02 4.494849537661361865e+03
1.560000000000000000e+02 4.526180181784066917e+03
1.570000000000000000e+02 4.557271071761731946e+03
1.580000000000000000e+02 4.588129294517468225e+03
1.590000000000000000e+02 4.618739654749033434e+03
1.600000000000000000e+02 4.649094388422677184e+03
1.610000000000000000e+02 4.679170877803502663e+03
1.620000000000000000e+02 4.708961364925133239e+03
1.630000000000000000e+02 4.738458094944781806e+03
1.640000000000000000e+02 4.767638459484743180e+03
1.650000000000000000e+02 4.796502138411596206e+03
1.660000000000000000e+02 4.825033958098609219e+03
1.670000000000000000e+02 4.853226176475643115e+03
1.680000000000000000e+02 4.881071054663500036e+03
1.690000000000000000e+02 4.908560856944015541e+03
1.700000000000000000e+02 4.935687850715828972e+03
1.710000000000000000e+02 4.962436878085877652e+03
1.720000000000000000e+02 4.988815069198506535e+03
1.730000000000000000e+02 5.014799843698732730e+03
1.740000000000000000e+02 5.040383480736291858e+03
1.750000000000000000e+02 5.065565690506188730e+03
1.760000000000000000e+02 5.090331460409851388e+03
1.770000000000000000e+02 5.114673733971836555e+03
1.780000000000000000e+02 5.138578160004166421e+03
1.790000000000000000e+02 5.162045246178024172e+03
1.800000000000000000e+02 5.185068073819186793e+03
1.810000000000000000e+02 5.207632297748578821e+03
1.820000000000000000e+02 5.229738431169223986e+03
1.830000000000000000e+02 5.251379560448558550e+03
1.840000000000000000e+02 5.272541344949678205e+03
1.850000000000000000e+02 5.293224301912784540e+03
1.860000000000000000e+02 5.313414092885639548e+03
1.870000000000000000e+02 5.333111236958043264e+03
1.880000000000000000e+02 5.352308825547852393e+03
1.890000000000000000e+02 5.370992522242246196e+03
1.900000000000000000e+02 5.389162847695417440e+03
1.910000000000000000e+02 5.406812894431560380e+03
1.920000000000000000e+02 5.423928326706442022e+03
1.930000000000000000e+02 5.440502237078300823e+03
1.940000000000000000e+02 5.456542574638197038e+03
1.950000000000000000e+02 5.472035003149358090e+03
1.960000000000000000e+02 5.486980042700251033e+03
1.970000000000000000e+02 5.501378212917687051e+03
1.980000000000000000e+02 5.515230032892698546e+03
1.990000000000000000e+02 5.528513736068335675e+03
2.000000000000000000e+02 5.541244696993093385e+03
2.010000000000000000e+02 5.553408475454414656e+03
2.020000000000000000e+02 5.564997656171318340e+03
2.030000000000000000e+02 5.575989865770167853e+03
2.040000000000000000e+02 5.586392443567939154e+03
2.050000000000000000e+02 5.596175586435386322e+03
2.060000000000000000e+02 5.605346632326783947e+03
2.070000000000000000e+02 5.613890633516451999e+03
2.080000000000000000e+02 5.621800070048840098e+03
2.090000000000000000e+02 5.629104563198414326e+03
2.100000000000000000e+02 5.635789163684670712e+03
2.110000000000000000e+02 5.641861206900093748e+03
2.120000000000000000e+02 5.647335456292233175e+03
2.130000000000000000e+02 5.652211818401294295e+03
2.140000000000000000e+02 5.656497628003821774e+03
2.150000000000000000e+02 5.660192791508487971e+03
2.160000000000000000e+02 5.663282358704251237e+03
2.170000000000000000e+02 5.665766236260566984e+03
2.180000000000000000e+02 5.667644331125640747e+03
2.190000000000000000e+02 5.668909122273141293e+03
2.200000000000000000e+02 5.669553089146344064e+03
2.210000000000000000e+02 5.669583568448183541e+03
2.220000000000000000e+02 5.668985612473976289e+03
2.230000000000000000e+02 5.667766559290108489e+03
2.240000000000000000e+02 5.665933747752575073e+03
2.250000000000000000e+02 5.663487089216990171e+03
2.260000000000000000e+02 5.660419067588881262e+03
2.270000000000000000e+02 5.656737024413799190e+03
2.280000000000000000e+02 5.652440873854179699e+03
2.290000000000000000e+02 5.647537959405000947e+03
2.300000000000000000e+02 5.642020768845072780e+03
2.310000000000000000e+02 5.635896647626494996e+03
2.320000000000000000e+02 5.629172942148616130e+03
2.330000000000000000e+02 5.621842143017710441e+03
2.340000000000000000e+02 5.613904170043536396e+03
2.350000000000000000e+02 5.605373800520916120e+03
2.360000000000000000e+02 5.596236099045277115e+03
2.370000000000000000e+02 5.586513272567837703e+03
2.380000000000000000e+02 5.576197815132549295e+03
2.390000000000000000e+02 5.565297077853559131e+03
2.400000000000000000e+02 5.553810983727726125e+03
2.410000000000000000e+02 5.541739455836218440e+03
2.420000000000000000e+02 5.529097273885215145e+03
2.430000000000000000e+02 5.515884360634893710e+03
2.440000000000000000e+02 5.502100638420728501e+03
2.450000000000000000e+02 5.487760885666675676e+03
2.460000000000000000e+02 5.472872451640192594e+03
2.470000000000000000e+02 5.457427827902061836e+03
2.480000000000000000e+02 5.441449218203577402e+03
2.490000000000000000e+02 5.424929111477186780e+03
2.500000000000000000e+02 5.407882280079202246e+03
2.510000000000000000e+02 5.390301224944850219e+03
2.520000000000000000e+02 5.372193363528931513e+03
2.530000000000000000e+02 5.353558698151839053e+03
2.540000000000000000e+02 5.334412085382736223e+03
2.550000000000000000e+02 5.314738665741649129e+03
2.560000000000000000e+02 5.294553290311681849e+03
2.570000000000000000e+02 5.273863378805894172e+03
2.580000000000000000e+02 5.252683776095070243e+03
2.590000000000000000e+02 5.231021895344776567e+03
2.600000000000000000e+02 5.208900002915032019e+03
2.610000000000000000e+02 5.186318076470340202e+03
2.620000000000000000e+02 5.163298374955707914e+03
2.630000000000000000e+02 5.139848296733955976e+03
2.640000000000000000e+02 5.115975236189471616e+03
2.650000000000000000e+02 5.091679155296495992e+03
2.660000000000000000e+02 5.066967440253854875e+03
2.670000000000000000e+02 5.041854901435216561e+03
2.680000000000000000e+02 5.016341488304801715e+03
2.690000000000000000e+02 4.990427146100612845e+03
2.700000000000000000e+02 4.964119244183599221e+03
2.710000000000000000e+02 4.937440004402827981e+03
2.720000000000000000e+02 4.910381931024557161e+03
2.730000000000000000e+02 4.882974665930295487e+03
2.740000000000000000e+02 4.855210705174746181e+03
2.750000000000000000e+02 4.827104825862221332e+03
2.760000000000000000e+02 4.798679229533737271e+03
2.770000000000000000e+02 4.769933828865873693e+03
2.780000000000000000e+02 4.740875961182940955e+03
2.790000000000000000e+02 4.711520388578357597e+03
2.800000000000000000e+02 4.681881869694846500e+03
2.810000000000000000e+02 4.651960303162251876e+03
2.820000000000000000e+02 4.621770441143424250e+03
2.830000000000000000e+02 4.591327032783892719e+03
2.840000000000000000e+02 4.560629967665460754e+03
2.850000000000000000e+02 4.529693989363853689e+03
2.860000000000000000e+02 4.498526410555815346e+03
2.870000000000000000e+02 4.467149398227490565e+03
2.880000000000000000e+02 4.435562832079272994e+03
2.890000000000000000e+02 4.403774018080011956e+03
2.900000000000000000e+02 4.371805116966277637e+03
2.910000000000000000e+02 4.339663430984969636e+03
2.920000000000000000e+02 4.307348832380534077e+03
2.930000000000000000e+02 4.274876048574968081e+03
2.940000000000000000e+02 4.242259805587782466e+03
2.950000000000000000e+02 4.209499971446269228e+03
2.960000000000000000e+02 4.176611269686663945e+03
2.970000000000000000e+02 4.143593566042008206e+03
2.980000000000000000e+02 4.110469010270293438e+03
2.990000000000000000e+02 4.077244894467604354e+03
3.000000000000000000e+02 4.043928509820136242e+03
3.010000000000000000e+02 4.010534560998688448e+03
3.020000000000000000e+02 3.977077695851136014e+03
3.030000000000000000e+02 3.943565119046126256e+03
3.040000000000000000e+02 3.910011462766085515e+03
3.050000000000000000e+02 3.876431358342340445e+03
3.060000000000000000e+02 3.842824579527303740e+03
3.070000000000000000e+02 3.809213184206205369e+03
3.080000000000000000e+02 3.775604372594671531e+03
3.090000000000000000e+02 3.742005343877153791e+03
3.100000000000000000e+02 3.708415867784446164e+03
3.110000000000000000e+02 3.674865426263488644e+03
3.120000000000000000e+02 3.641346358235416119e+03
3.130000000000000000e+02 3.607880714650939353e+03
3.140000000000000000e+02 3.574475688285947854e+03
3.150000000000000000e+02 3.541131041984024250e+03
3.160000000000000000e+02 3.507868821946143271e+03
3.170000000000000000e+02 3.474696215865848444e+03
3.180000000000000000e+02 3.441627837865461515e+03
3.190000000000000000e+02 3.408663443331189228e+03
3.200000000000000000e+02 3.375810213851468689e+03
3.210000000000000000e+02 3.343097613808125061e+03
3.220000000000000000e+02 3.310510535119192809e+03
3.230000000000000000e+02 3.278078437342664984e+03
3.240000000000000000e+02 3.245793635731449740e+03
3.250000000000000000e+02 3.213678156301464696e+03
3.260000000000000000e+02 3.181731737305020943e+03
3.270000000000000000e+02 3.149968970917555907e+03
3.280000000000000000e+02 3.118397018133707661e+03
3.290000000000000000e+02 3.087023037076621222e+03
3.300000000000000000e+02 3.055861611320291104e+03
3.310000000000000000e+02 3.024912464824622475e+03
3.320000000000000000e+02 2.994190175336564607e+03
3.330000000000000000e+02 2.963694461004006826e+03
3.340000000000000000e+02 2.933439893806811597e+03
3.350000000000000000e+02 2.903441042901684341e+03
3.360000000000000000e+02 2.873697617982504198e+03
3.370000000000000000e+02 2.844216754407317694e+03
3.380000000000000000e+02 2.815005584939608980e+03
3.390000000000000000e+02 2.786078668205059330e+03
3.400000000000000000e+02 2.757443132112158310e+03
3.410000000000000000e+02 2.729098673987390157e+03
3.420000000000000000e+02 2.701052417424367832e+03
3.430000000000000000e+02 2.673311484094926072e+03
3.440000000000000000e+02 2.645875565572074720e+03
3.450000000000000000e+02 2.618751780214628980e+03
3.460000000000000000e+02 2.591947245010986535e+03
3.470000000000000000e+02 2.565461647431694018e+03
3.480000000000000000e+02 2.539302102340383499e+03
3.490000000000000000e+02 2.513483152210587377e+03
3.500000000000000000e+02 2.488004482296899369e+03
3.510000000000000000e+02 2.462880669864717220e+03
3.520000000000000000e+02 2.438119006176775656e+03
3.530000000000000000e+02 2.413719389913135274e+03
3.540000000000000000e+02 2.389689148497471706e+03
3.550000000000000000e+02 2.366043038324247846e+03
3.560000000000000000e+02 2.342773531581854968e+03
3.570000000000000000e+02 2.319887958223669557e+03
3.580000000000000000e+02 2.297393649481738976e+03
3.590000000000000000e+02 2.275290509723876767e+03
3.600000000000000000e+02 2.253578445003250636e+03
3.610000000000000000e+02 2.232264791598875945e+03
3.620000000000000000e+02 2.211349459495244446e+03
3.630000000000000000e+02 2.190847217602166893e+03
3.640000000000000000e+02 2.170743123810495945e+03
3.650000000000000000e+02 2.151059380289008459e+03
3.660000000000000000e+02 2.131788478463563479e+03
3.670000000000000000e+02 2.112937769236292752e+03
3.680000000000000000e+02 2.094507178038415532e+03
3.690000000000000000e+02 2.076496633269669928e+03
3.700000000000000000e+02 2.058920923073444555e+03
3.710000000000000000e+02 2.041765125295339203e+03
3.720000000000000000e+02 2.025044034330736167e+03
3.730000000000000000e+02 2.008750162704349123e+03
3.740000000000000000e+02 1.992890882838820744e+03
3.750000000000000000e+02 1.977458713657559883e+03
3.760000000000000000e+02 1.962461033976626595e+03
3.770000000000000000e+02 1.947905225782802063e+03
3.780000000000000000e+02 1.933776389149867100e+03
3.790000000000000000e+02 1.920089340646662549e+03
3.800000000000000000e+02 1.906844043182124778e+03
3.810000000000000000e+02 1.894033034293284572e+03
3.820000000000000000e+02 1.881663711126048156e+03
3.830000000000000000e+02 1.869736045307897257e+03
3.840000000000000000e+02 1.858242582865902477e+03
3.850000000000000000e+02 1.847183300841025130e+03
3.860000000000000000e+02 1.836565607198924909e+03
3.870000000000000000e+02 1.826389484038519186e+03
3.880000000000000000e+02 1.816640059150287925e+03
3.890000000000000000e+02 1.807324747676816742e+03
3.900000000000000000e+02 1.798443538623030690e+03
3.910000000000000000e+02 1.789996423120831651e+03
3.920000000000000000e+02 1.781968537647259836e+03
3.930000000000000000e+02 1.774374734050048119e+03
3.940000000000000000e+02 1.767200152676095740e+03
3.950000000000000000e+02 1.760444792410835589e+03
3.960000000000000000e+02 1.754108653923884276e+03
3.970000000000000000e+02 1.748184311274033689e+03
3.980000000000000000e+02 1.742679196925049609e+03
3.990000000000000000e+02 1.737585888320144250e+03
4.000000000000000000e+02 1.732904392919135717e+03
4.010000000000000000e+02 1.728634736316775616e+03
4.020000000000000000e+02 1.724769583314356623e+03
4.030000000000000000e+02 1.721309045228976174e+03
4.040000000000000000e+02 1.718253235105582235e+03
4.050000000000000000e+02 1.715587411061437479e+03
4.060000000000000000e+02 1.713311689743765101e+03
4.070000000000000000e+02 1.711426189697308700e+03
4.080000000000000000e+02 1.709923603093164502e+03
4.090000000000000000e+02 1.708789195818401822e+03
4.100000000000000000e+02 1.708037949326870830e+03
4.110000000000000000e+02 1.707640277245510333e+03
4.120000000000000000e+02 1.707611165694622287e+03
4.130000000000000000e+02 1.707943318260495062e+03
4.140000000000000000e+02 1.708629441177684612e+03
4.150000000000000000e+02 1.709654815115937936e+03
4.160000000000000000e+02 1.711034437073193430e+03
4.170000000000000000e+02 1.712746165368528864e+03
4.180000000000000000e+02 1.714797574941902667e+03
4.190000000000000000e+02 1.717173959050990788e+03
4.200000000000000000e+02 1.719882899521156787e+03
4.210000000000000000e+02 1.722909696791085707e+03
4.220000000000000000e+02 1.726247083458353472e+03
4.230000000000000000e+02 1.729902652770478880e+03
4.240000000000000000e+02 1.733861717009508993e+03
4.250000000000000000e+02 1.738117021022741483e+03
4.260000000000000000e+02 1.742668742345200371e+03
4.270000000000000000e+02 1.747494777912818790e+03
4.280000000000000000e+02 1.752610170969304590e+03
4.290000000000000000e+02 1.757985399308011665e+03
4.300000000000000000e+02 1.763620658857948001e+03
4.310000000000000000e+02 1.769516150354391584e+03
4.320000000000000000e+02 1.775657222697427414e+03
4.330000000000000000e+02 1.782051514749052785e+03
4.340000000000000000e+02 1.788676956913612457e+03
4.350000000000000000e+02 1.795541197957915301e+03
4.360000000000000000e+02 1.802637034913500202e+03
4.370000000000000000e+02 1.809957269766368654e+03
4.380000000000000000e+02 1.817494709431625324e+03
4.390000000000000000e+02 1.825249594063805944e+03
4.400000000000000000e+02 1.833207311951808606e+03
4.410000000000000000e+02 1.841360684501169999e+03
4.420000000000000000e+02 1.849695109451318103e+03
4.430000000000000000e+02 1.858210845830748667e+03
4.440000000000000000e+02 1.866893300447696674e+03
4.450000000000000000e+02 1.875735312820454737e+03
4.460000000000000000e+02 1.884729726695326235e+03
4.470000000000000000e+02 1.893869389904275295e+03
4.480000000000000000e+02 1.903162010913422364e+03
4.490000000000000000e+02 1.912593016911083623e+03
4.500000000000000000e+02 1.922155267040360513e+03
4.510000000000000000e+02 1.931849024675077317e+03
4.520000000000000000e+02 1.941674446241889655e+03
4.530000000000000000e+02 1.951609378631547543e+03
4.540000000000000000e+02 1.961653956661093162e+03
4.550000000000000000e+02 1.971793461132150696e+03
4.560000000000000000e+02 1.982020603690219559e+03
4.570000000000000000e+02 1.992328098283108602e+03
4.580000000000000000e+02 2.002701232620622704e+03
4.590000000000000000e+02 2.013125296337087548e+03
4.600000000000000000e+02 2.023615294208003434e+03
4.610000000000000000e+02 2.034141662467586912e+03
4.620000000000000000e+02 2.044726837187378351e+03
4.630000000000000000e+02 2.055341257204302565e+03
4.640000000000000000e+02 2.066007360862737187e+03
4.650000000000000000e+02 2.076695588957320979e+03
4.660000000000000000e+02 2.087420953140896017e+03
4.670000000000000000e+02 2.098168752285648679e+03
4.680000000000000000e+02 2.108924285757164398e+03
4.690000000000000000e+02 2.119687709997772799e+03
4.700000000000000000e+02 2.130444325018453583e+03
4.710000000000000000e+02 2.141179431002486126e+03
4.720000000000000000e+02 2.151893184919416399e+03
4.730000000000000000e+02 2.162570887047814722e+03
4.740000000000000000e+02 2.173212694310213919e+03
4.750000000000000000e+02 2.183811335166244589e+03
4.760000000000000000e+02 2.194366966266668896e+03
4.770000000000000000e+02 2.204864887365401046e+03
4.780000000000000000e+02 2.215312683042290246e+03
4.790000000000000000e+02 2.225710509281820123e+03
4.800000000000000000e+02 2.236036236759866824e+03
4.810000000000000000e+02 2.246304877639777260e+03
4.820000000000000000e+02 2.256486873719746200e+03
4.830000000000000000e+02 2.266589808290932524e+03
4.840000000000000000e+02 2.276598979345172211e+03
4.850000000000000000e+02 2.286499684638884901e+03
4.860000000000000000e+02 2.296299506759484757e+03
4.870000000000000000e+02 2.305983743041088928e+03
4.880000000000000000e+02 2.315545118983293378e+03
4.890000000000000000e+02 2.324991216618810995e+03
4.900000000000000000e+02 2.334307332778236287e+03
4.910000000000000000e+02 2.343493620855010704e+03
4.920000000000000000e+02 2.352550234115392414e+03
4.930000000000000000e+02 2.361477325704818213e+03
4.940000000000000000e+02 2.370267620299032842e+03
4.950000000000000000e+02 2.378913842449958793e+03
4.960000000000000000e+02 2.387416144925052777e+03
4.970000000000000000e+02 2.395759823638483795e+03
4.980000000000000000e+02 2.403945031026267316e+03
4.990000000000000000e+02 2.411964490961328920e+03
5.000000000000000000e+02 2.419810927060800623e+03
5.010000000000000000e+02 2.427477071683798840e+03
5.020000000000000000e+02 2.434963121369786222e+03
5.030000000000000000e+02 2.442261852917360557e+03
5.040000000000000000e+02 2.449373470954088589e+03
5.050000000000000000e+02 2.456305607846033126e+03
5.060000000000000000e+02 2.463043610196671580e+03
5.070000000000000000e+02 2.469595108838915166e+03
5.080000000000000000e+02 2.475952876965250198e+03
5.090000000000000000e+02 2.482109686700855946e+03
5.100000000000000000e+02 2.488080594018681950e+03
5.110000000000000000e+02 2.493843511793994821e+03
5.120000000000000000e+02 2.499413493156266668e+03
5.130000000000000000e+02 2.504775876179849547e+03
5.140000000000000000e+02 2.509930853822678273e+03
5.150000000000000000e+02 2.514878617058064265e+03
5.160000000000000000e+02 2.519619354702954297e+03
5.170000000000000000e+02 2.524145824892804285e+03
5.180000000000000000e+02 2.528450783254773341e+03
5.190000000000000000e+02 2.532541839429965876e+03
5.200000000000000000e+02 2.536404315143711301e+03
5.210000000000000000e+02 2.540045814129409791e+03
5.220000000000000000e+02 2.543459080201436791e+03
5.230000000000000000e+02 2.546636853782636990e+03
5.240000000000000000e+02 2.549594156785891755e+03
5.250000000000000000e+02 2.552316293997986122e+03
5.260000000000000000e+02 2.554818279722975149e+03
5.270000000000000000e+02 2.557092839178442318e+03
5.280000000000000000e+02 2.559140121752029245e+03
5.290000000000000000e+02 2.560960272515021188e+03
5.300000000000000000e+02 2.562560860445499657e+03
5.310000000000000000e+02 2.563927164909983276e+03
5.320000000000000000e+02 2.565074174008171212e+03
5.330000000000000000e+02 2.565994586025060016e+03
5.340000000000000000e+02 2.566681094396893968e+03
5.350000000000000000e+02 2.567148672688802435e+03
5.360000000000000000e+02 2.567382576081908155e+03
5.370000000000000000e+02 2.567397768126337724e+03
5.380000000000000000e+02 2.567186922252727527e+03
5.390000000000000000e+02 2.566757563498982563e+03
5.400000000000000000e+02 2.566094926746693091e+03
5.410000000000000000e+02 2.565221383522781252e+03
5.420000000000000000e+02 2.564129586858607126e+03
5.430000000000000000e+02 2.562812184713680381e+03
5.440000000000000000e+02 2.561284105060038655e+03
5.450000000000000000e+02 2.559545414175017413e+03
5.460000000000000000e+02 2.557588745045334690e+03
5.470000000000000000e+02 2.555421582480808411e+03
5.480000000000000000e+02 2.553043978135004636e+03
5.490000000000000000e+02 2.550455978934510313e+03
5.500000000000000000e+02 2.547657627164776841e+03
5.510000000000000000e+02 2.544663779766176503e+03
5.520000000000000000e+02 2.541459425840685071e+03
5.530000000000000000e+02 2.538059226043373656e+03
5.540000000000000000e+02 2.534470408431380747e+03
5.550000000000000000e+02 2.530685340219845784e+03
5.560000000000000000e+02 2.526703812940041189e+03
5.570000000000000000e+02 2.522547899247496389e+03
5.580000000000000000e+02 2.518202526226912141e+03
5.590000000000000000e+02 2.513674902299450423e+03
5.600000000000000000e+02 2.508964803924487569e+03
5.610000000000000000e+02 2.504086860749748212e+03
5.620000000000000000e+02 2.499025985604984271e+03
5.630000000000000000e+02 2.493796801394217255e+03
5.640000000000000000e+02 2.488406499429071573e+03
5.650000000000000000e+02 2.482839982806571697e+03
5.660000000000000000e+02 2.477111864932341177e+03
5.670000000000000000e+02 2.471229327833457774e+03
5.680000000000000000e+02 2.465184693864548990e+03
5.690000000000000000e+02 2.458985139157058256e+03
5.700000000000000000e+02 2.452630408608416928e+03
5.710000000000000000e+02 2.446127672613979030e+03
5.720000000000000000e+02 2.439484098739636011e+03
5.730000000000000000e+02 2.432699423385879527e+03
5.740000000000000000e+02 2.425773380143914892e+03
5.750000000000000000e+02 2.418727984844012553e+03
5.760000000000000000e+02 2.411548108743123521e+03
5.770000000000000000e+02 2.404255762009360751e+03
5.780000000000000000e+02 2.396843238544539417e+03
5.790000000000000000e+02 2.389317686053774196e+03
5.800000000000000000e+02 2.381686249306972513e+03
5.810000000000000000e+02 2.373956070095364339e+03
5.820000000000000000e+02 2.366126858833027654e+03
5.830000000000000000e+02 2.358198322854912021e+03
5.840000000000000000e+02 2.350185023061922038e+03
5.850000000000000000e+02 2.342086660462153304e+03
5.860000000000000000e+02 2.333902932812154177e+03
5.870000000000000000e+02 2.325640962907375069e+03
5.880000000000000000e+02 2.317315298522723424e+03
5.890000000000000000e+02 2.308910770603143646e+03
5.900000000000000000e+02 2.300449348359919895e+03
5.910000000000000000e+02 2.291930712415865855e+03
5.920000000000000000e+02 2.283354539807313358e+03
5.930000000000000000e+02 2.274727932290546960e+03
5.940000000000000000e+02 2.266050559603278089e+03
5.950000000000000000e+02 2.257336944484003652e+03
5.960000000000000000e+02 2.248586749247006992e+03
5.970000000000000000e+02 2.239799632466994808e+03
5.980000000000000000e+02 2.230982677322291238e+03
5.990000000000000000e+02 2.222142963246946238e+03
6.000000000000000000e+02 2.213280137592808387e+03
6.010000000000000000e+02 2.204408733619734903e+03
6.020000000000000000e+02 2.195513699177777198e+03
6.030000000000000000e+02 2.186624581504343951e+03
6.040000000000000000e+02 2.177726354160659412e+03
6.050000000000000000e+02 2.168826272251720184e+03
6.060000000000000000e+02 2.159939015805134204e+03
6.070000000000000000e+02 2.151056976461080922e+03
6.080000000000000000e+02 2.142194827676292789e+03
6.090000000000000000e+02 2.133359811436889686e+03
6.100000000000000000e+02 2.124536881682794956e+03
6.110000000000000000e+02 2.115755559595657360e+03
6.120000000000000000e+02 2.107000793541854819e+03
6.130000000000000000e+02 2.098279814380593052e+03
6.140000000000000000e+02 2.089614707278798505e+03
6.150000000000000000e+02 2.080982985082926007e+03
6.160000000000000000e+02 2.072414157054004590e+03
6.170000000000000000e+02 2.063900588853689896e+03
6.180000000000000000e+02 2.055449501191541913e+03
6.190000000000000000e+02 2.047060684975445838e+03
6.200000000000000000e+02 2.038741358218086816e+03
6.210000000000000000e+02 2.030506166246824705e+03
6.220000000000000000e+02 2.022347468515581113e+03
6.230000000000000000e+02 2.014265052220808002e+03
6.240000000000000000e+02 2.006273560867866991e+03
6.250000000000000000e+02 1.998372781086399982e+03
6.260000000000000000e+02 1.990569927896769968e+03
6.270000000000000000e+02 1.982857359873424002e+03
6.280000000000000000e+02 1.975257149458055437e+03
6.290000000000000000e+02 1.967754228015709941e+03
6.300000000000000000e+02 1.960363241191276074e+03
6.310000000000000000e+02 1.953083979007337348e+03
6.320000000000000000e+02 1.945916232758410843e+03
6.330000000000000000e+02 1.938874651898898946e+03
6.340000000000000000e+02 1.931951602472386185e+03
6.350000000000000000e+02 1.925154309035982806e+03
6.360000000000000000e+02 1.918489998124960948e+03
6.370000000000000000e+02 1.911958470059272031e+03
6.380000000000000000e+02 1.905559527441840146e+03
6.390000000000000000e+02 1.899300403647846906e+03
6.400000000000000000e+02 1.893180906254045340e+03
6.410000000000000000e+02 1.887208273859738711e+03
6.420000000000000000e+02 1.881374891147087510e+03
6.430000000000000000e+02 1.875702859084279680e+03
6.440000000000000000e+02 1.870169711515387462e+03
6.450000000000000000e+02 1.864797555446573142e+03
6.460000000000000000e+02 1.859586215968114857e+03
6.470000000000000000e+02 1.854528093020539927e+03
6.480000000000000000e+02 1.849630446502718314e+03
6.490000000000000000e+02 1.844893111270575446e+03
6.500000000000000000e+02 1.840330782229882288e+03
6.510000000000000000e+02 1.835928453145480717e+03
6.520000000000000000e+02 1.831693441748609985e+03
6.530000000000000000e+02 1.827633078082352995e+03
6.540000000000000000e+02 1.823747267293643517e+03
6.550000000000000000e+02 1.820043346347124498e+03
6.560000000000000000e+02 1.816506370633685037e+03
6.570000000000000000e+02 1.813151112428593251e+03
6.580000000000000000e+02 1.809977490793933839e+03
6.590000000000000000e+02 1.806985428281279383e+03
6.600000000000000000e+02 1.804174850932785375e+03
6.610000000000000000e+02 1.801545688281886896e+03
6.620000000000000000e+02 1.799105301704501471e+03
6.630000000000000000e+02 1.796846199370127124e+03
6.640000000000000000e+02 1.794775749646193162e+03
6.650000000000000000e+02 1.792893896052735954e+03
6.660000000000000000e+02 1.791193157270433403e+03
6.670000000000000000e+02 1.789680912202500394e+03
6.680000000000000000e+02 1.788364543288877712e+03
6.690000000000000000e+02 1.787229151474124137e+03
6.700000000000000000e+02 1.786289554682091421e+03
6.710000000000000000e+02 1.785538289391675335e+03
6.720000000000000000e+02 1.784975324070120905e+03
6.730000000000000000e+02 1.784600630860043566e+03
6.740000000000000000e+02 1.784414185621775687e+03
6.750000000000000000e+02 1.784423396331086224e+03
6.760000000000000000e+02 1.784620818081001062e+03
6.770000000000000000e+02 1.785006438190149538e+03
6.780000000000000000e+02 1.785572819564749125e+03
6.790000000000000000e+02 1.786334814166783190e+03
6.800000000000000000e+02 1.787284992984112478e+03
6.810000000000000000e+02 1.788415931156976285e+03
6.820000000000000000e+02 1.789727636407761565e+03
6.830000000000000000e+02 1.791227549123903145e+03
6.840000000000000000e+02 1.792915685743198082e+03
6.850000000000000000e+02 1.794777210491808319e+03
6.860000000000000000e+02 1.796819577225684270e+03
6.870000000000000000e+02 1.799042816121086844e+03
6.880000000000000000e+02 1.801446962117154044e+03
6.890000000000000000e+02 1.804032055008395673e+03
6.900000000000000000e+02 1.806790711186515182e+03
6.910000000000000000e+02 1.809722980431923133e+03
6.920000000000000000e+02 1.812828917652831251e+03
6.930000000000000000e+02 1.816108582972286968e+03
6.940000000000000000e+02 1.819554613462037423e+03
6.950000000000000000e+02 1.823174508273859601e+03
6.960000000000000000e+02 1.826946058614521917e+03
6.970000000000000000e+02 1.830891631320051147e+03
6.980000000000000000e+02 1.834989028719264297e+03
6.990000000000000000e+02 1.839253200547303777e+03
7.000000000000000000e+02 1.843669388847942628e+03
7.010000000000000000e+02 1.848237701895403916e+03
7.020000000000000000e+02 1.852950840501698394e+03
7.030000000000000000e+02 1.857816371783529121e+03
7.040000000000000000e+02 1.862834440364816373e+03
7.050000000000000000e+02 1.867982911693916549e+03
7.060000000000000000e+02 1.873284227205412662e+03
7.070000000000000000e+02 1.878716264118325853e+03
7.080000000000000000e+02 1.884279190581148896e+03
7.090000000000000000e+02 1.889980608955657772e+03
7.100000000000000000e+02 1.895805842391767328e+03
7.110000000000000000e+02 1.901755076546240161e+03
7.120000000000000000e+02 1.907835931191614009e+03
7.130000000000000000e+02 1.914026318416018739e+03
7.140000000000000000e+02 1.920333869368351543e+03
7.150000000000000000e+02 1.926758792442564300e+03
7.160000000000000000e+02 1.933286444855632453e+03
7.170000000000000000e+02 1.939917045969792071e+03
7.180000000000000000e+02 1.946650820506695936e+03
7.190000000000000000e+02 1.953480570105644802e+03
7.200000000000000000e+02 1.960406529926857274e+03
7.210000000000000000e+02 1.967421511848502178e+03
7.220000000000000000e+02 1.974525761059992647e+03
7.230000000000000000e+02 1.981719527600312404e+03
7.240000000000000000e+02 1.988995637892656987e+03
7.250000000000000000e+02 1.996354351326677943e+03
7.260000000000000000e+02 2.003788503437130657e+03
7.270000000000000000e+02 2.011298362481461936e+03
7.280000000000000000e+02 2.018884200965135278e+03
7.290000000000000000e+02 2.026524010465476522e+03
7.300000000000000000e+02 2.034232928307797010e+03
7.310000000000000000e+02 2.042003810637556171e+03
7.320000000000000000e+02 2.049822088995535069e+03
7.330000000000000000e+02 2.057695483594479356e+03
7.340000000000000000e+02 2.065616861444883398e+03
7.350000000000000000e+02 2.073571664584059363e+03
7.360000000000000000e+02 2.081575051708350202e+03
7.370000000000000000e+02 2.089605042904317543e+03
7.380000000000000000e+02 2.097669374687166055e+03
7.390000000000000000e+02 2.105760929788420071e+03
7.400000000000000000e+02 2.113872593748787494e+03
7.410000000000000000e+02 2.121997254813867585e+03
7.420000000000000000e+02 2.130135232183574772e+03
7.430000000000000000e+02 2.138286847564582786e+03
7.440000000000000000e+02 2.146437568376074069e+03
7.450000000000000000e+02 2.154587721060516287e+03
7.460000000000000000e+02 2.162730205946160822e+03
7.470000000000000000e+02 2.170865353864152894e+03
7.480000000000000000e+02 2.178986069367858818e+03
7.490000000000000000e+02 2.187092687356242550e+03
7.500000000000000000e+02 2.195178116299049634e+03
7.510000000000000000e+02 2.203235250908694070e+03
7.520000000000000000e+02 2.211256925250939275e+03
7.530000000000000000e+02 2.219250816197800759e+03
7.540000000000000000e+02 2.227209745567356094e+03
7.550000000000000000e+02 2.235126536759729333e+03
7.560000000000000000e+02 2.242994014693496865e+03
7.570000000000000000e+02 2.250827290793391967e+03
7.580000000000000000e+02 2.258611764475667314e+03
7.590000000000000000e+02 2.266347693186452489e+03
7.600000000000000000e+02 2.274027907287227208e+03
7.610000000000000000e+02 2.281652666690494243e+03
7.620000000000000000e+02 2.289214804093023758e+03
7.630000000000000000e+02 2.296714581608277513e+03
7.640000000000000000e+02 2.304137405645391027e+03
7.650000000000000000e+02 2.311483540237376474e+03
7.660000000000000000e+02 2.318753250264937378e+03
7.670000000000000000e+02 2.325931944677107367e+03
7.680000000000000000e+02 2.333027318160163759e+03
7.690000000000000000e+02 2.340017352599811602e+03
7.700000000000000000e+02 2.346917172143412245e+03
7.710000000000000000e+02 2.353712187953563898e+03
7.720000000000000000e+02 2.360395239860868060e+03
7.730000000000000000e+02 2.366974024611262394e+03
7.740000000000000000e+02 2.373433954007332886e+03
7.750000000000000000e+02 2.379775296547551989e+03
7.760000000000000000e+02 2.386005748959431912e+03
7.770000000000000000e+02 2.392118151027627846e+03
7.780000000000000000e+02 2.398112770519040623e+03
7.790000000000000000e+02 2.403989874702539510e+03
7.800000000000000000e+02 2.409742301864434012e+03
7.810000000000000000e+02 2.415377746220872268e+03
7.820000000000000000e+02 2.420881616024383675e+03
7.830000000000000000e+02 2.426261603519552409e+03
7.840000000000000000e+02 2.431503114692348845e+03
7.850000000000000000e+02 2.436606410869180763e+03
7.860000000000000000e+02 2.441556895160978002e+03
7.870000000000000000e+02 2.446362254057187329e+03
7.880000000000000000e+02 2.451015315515289785e+03
7.890000000000000000e+02 2.455501477150239225e+03
7.900000000000000000e+02 2.459835847823736003e+03
7.910000000000000000e+02 2.464003820679507953e+03
7.920000000000000000e+02 2.468013071432030301e+03
7.930000000000000000e+02 2.471856416452381836e+03
7.940000000000000000e+02 2.475534097656667655e+03
7.950000000000000000e+02 2.479038925644213577e+03
7.960000000000000000e+02 2.482378564588466816e+03
7.970000000000000000e+02 2.485553247028289206e+03
7.980000000000000000e+02 2.488555773712309474e+03
7.990000000000000000e+02 2.491393798496761974e+03
8.000000000000000000e+02 2.494060114794695892e+03
8.010000000000000000e+02 2.496554930006248469e+03
8.020000000000000000e+02 2.498885833953643669e+03
8.030000000000000000e+02 2.501038116764568258e+03
8.040000000000000000e+02 2.503019349314181909e+03
8.050000000000000000e+02 2.504814812994733984e+03
8.060000000000000000e+02 2.506417212992760142e+03
8.070000000000000000e+02 2.507826678170578816e+03
8.080000000000000000e+02 2.509043332603044291e+03
8.090000000000000000e+02 2.510059867119979572e+03
8.100000000000000000e+02 2.510876395905181198e+03
8.110000000000000000e+02 2.511493028050600969e+03
8.120000000000000000e+02 2.511924724167286968e+03
8.130000000000000000e+02 2.512164154550627700e+03
8.140000000000000000e+02 2.512218840854162863e+03
8.150000000000000000e+02 2.512096299317699959e+03
8.160000000000000000e+02 2.511796612351687600e+03
8.170000000000000000e+02 2.511312428477769117e+03
8.180000000000000000e+02 2.510643818975675913e+03
8.190000000000000000e+02 2.509783421134823584e+03
8.200000000000000000e+02 2.508723866562209878e+03
8.210000000000000000e+02 2.507457781145449644e+03
8.220000000000000000e+02 2.505985213371245663e+03
8.230000000000000000e+02 2.504298777598080505e+03
8.240000000000000000e+02 2.502405939084908823e+03
8.250000000000000000e+02 2.500314157273104684e+03
8.260000000000000000e+02 2.498023457422897991e+03
8.270000000000000000e+02 2.495541287304555681e+03
8.280000000000000000e+02 2.492867660492264804e+03
8.290000000000000000e+02 2.490017441412711378e+03
8.300000000000000000e+02 2.486990631945057430e+03
8.310000000000000000e+02 2.483787228125299407e+03
8.320000000000000000e+02 2.480399791802472919e+03
8.330000000000000000e+02 2.476820878997691125e+03
8.340000000000000000e+02 2.473057896615481241e+03
8.350000000000000000e+02 2.469095960705179095e+03
8.360000000000000000e+02 2.464927609876121551e+03
8.370000000000000000e+02 2.460560233663401505e+03
8.380000000000000000e+02 2.456001215843959926e+03
8.390000000000000000e+02 2.451235649403306979e+03
8.400000000000000000e+02 2.446293191705929985e+03
8.410000000000000000e+02 2.441166352661205110e+03
8.420000000000000000e+02 2.435862493194158560e+03
8.430000000000000000e+02 2.430381540213935750e+03
8.440000000000000000e+02 2.424745700034104175e+03
8.450000000000000000e+02 2.418932603239697528e+03
8.460000000000000000e+02 2.412957016559151725e+03
8.470000000000000000e+02 2.406803987731094821e+03
8.480000000000000000e+02 2.400480843974924028e+03
8.490000000000000000e+02 2.393980050258167921e+03
8.500000000000000000e+02 2.387294066015369481e+03
8.510000000000000000e+02 2.380437625916392335e+03
8.520000000000000000e+02 2.373403156881081031e+03
8.530000000000000000e+02 2.366197932750214477e+03
8.540000000000000000e+02 2.358821793553165662e+03
8.550000000000000000e+02 2.351296858926731602e+03
8.560000000000000000e+02 2.343608101331071794e+03
8.570000000000000000e+02 2.335777629570375211e+03
8.580000000000000000e+02 2.327805262009368107e+03
8.590000000000000000e+02 2.319690811643051347e+03
8.600000000000000000e+02 2.311434086116292747e+03
8.610000000000000000e+02 2.303042316094436501e+03
8.620000000000000000e+02 2.294507870233819631e+03
8.630000000000000000e+02 2.285845396955352044e+03
8.640000000000000000e+02 2.277047254366580546e+03
8.650000000000000000e+02 2.268113223687633308e+03
8.660000000000000000e+02 2.259057937627967476e+03
8.670000000000000000e+02 2.249866310313076156e+03
8.680000000000000000e+02 2.240545535766307239e+03
8.690000000000000000e+02 2.231102802890209659e+03
8.700000000000000000e+02 2.221530438800296906e+03
8.710000000000000000e+02 2.211835622262625293e+03
8.720000000000000000e+02 2.202025527032325954e+03
8.730000000000000000e+02 2.192092465194712076e+03
8.740000000000000000e+02 2.182051028960845088e+03
8.750000000000000000e+02 2.171900948963411793e+03
8.760000000000000000e+02 2.161649379357508224e+03
8.770000000000000000e+02 2.151296041173192407e+03
8.780000000000000000e+02 2.140862935772611763e+03
8.790000000000000000e+02 2.130334918107293106e+03
8.800000000000000000e+02 2.119726551932891198e+03
8.810000000000000000e+02 2.109030111423199742e+03
8.820000000000000000e+02 2.098260151340703942e+03
8.830000000000000000e+02 2.087408937007449367e+03
8.840000000000000000e+02 2.076476157781738948e+03
8.850000000000000000e+02 2.065468927137160790e+03
8.860000000000000000e+02 2.054386926044428492e+03
8.870000000000000000e+02 2.043229831407267739e+03
8.880000000000000000e+02 2.032012172851821788e+03
8.890000000000000000e+02 2.020718762717268191e+03
8.900000000000000000e+02 2.009371551303362367e+03
8.910000000000000000e+02 1.997962771816591612e+03
8.920000000000000000e+02 1.986499510573111593e+03
8.930000000000000000e+02 1.974981422052405151e+03
8.940000000000000000e+02 1.963423014055317481e+03
8.950000000000000000e+02 1.951809077712629460e+03
8.960000000000000000e+02 1.940161542750077842e+03
8.970000000000000000e+02 1.928472622451462257e+03
8.980000000000000000e+02 1.916749383877991249e+03
8.990000000000000000e+02 1.904998891287995548e+03
9.000000000000000000e+02 1.893220777909156368e+03
9.010000000000000000e+02 1.881414688069597787e+03
9.020000000000000000e+02 1.869595174993715318e+03
9.030000000000000000e+02 1.857761946561017567e+03
9.040000000000000000e+02 1.845914708480702529e+03
9.050000000000000000e+02 1.834060592773865437e+03
9.060000000000000000e+02 1.822199301206470409e+03
9.070000000000000000e+02 1.810345390474973783e+03
9.080000000000000000e+02 1.798491130591211004e+03
9.090000000000000000e+02 1.786643646770927489e+03
9.100000000000000000e+02 1.774802634521319760e+03
9.110000000000000000e+02 1.762975216480722565e+03
9.120000000000000000e+02 1.751168514208303577e+03
9.130000000000000000e+02 1.739382219974400869e+03
9.140000000000000000e+02 1.727616025251881410e+03
9.150000000000000000e+02 1.715869620857644350e+03
9.160000000000000000e+02 1.704157553794897922e+03
9.170000000000000000e+02 1.692472085643852324e+03
9.180000000000000000e+02 1.680812906104697959e+03
9.190000000000000000e+02 1.669194561489764737e+03
9.200000000000000000e+02 1.657616741464242068e+03
9.210000000000000000e+02 1.646071707537854081e+03
9.220000000000000000e+02 1.634574006606874036e+03
9.230000000000000000e+02 1.623130757693623309e+03
9.240000000000000000e+02 1.611726795385847254e+03
9.250000000000000000e+02 1.600384096777868763e+03
9.260000000000000000e+02 1.589094926456654775e+03
9.270000000000000000e+02 1.577866406740714183e+03
9.280000000000000000e+02 1.566705661115958492e+03
9.290000000000000000e+02 1.555612386020697613e+03
9.300000000000000000e+02 1.544586279329914987e+03
9.310000000000000000e+02 1.533627040487987188e+03
9.320000000000000000e+02 1.522749227340507787e+03
9.330000000000000000e+02 1.511945114512883265e+03
9.340000000000000000e+02 1.501221835289860792e+03
9.350000000000000000e+02 1.490579096691419636e+03
9.360000000000000000e+02 1.480016607947940884e+03
9.370000000000000000e+02 1.469541508973589316e+03
9.380000000000000000e+02 1.459153513787084194e+03
9.390000000000000000e+02 1.448859767331550756e+03
9.400000000000000000e+02 1.438652560541135244e+03
9.410000000000000000e+02 1.428546472207582156e+03
9.420000000000000000e+02 1.418533798991971707e+03
9.430000000000000000e+02 1.408621697287071584e+03
9.440000000000000000e+02 1.398809898275508431e+03
9.450000000000000000e+02 1.389105564736978977e+03
9.460000000000000000e+02 1.379501006101962730e+03
9.470000000000000000e+02 1.370010820305167954e+03
9.480000000000000000e+02 1.360627323783935481e+03
9.490000000000000000e+02 1.351350264976838616e+03
9.500000000000000000e+02 1.342194252769221976e+03
9.510000000000000000e+02 1.333151625406436551e+03
9.520000000000000000e+02 1.324222195700043812e+03
9.530000000000000000e+02 1.315413219401622882e+03
9.540000000000000000e+02 1.306717099666568402e+03
9.550000000000000000e+02 1.298148528889125146e+03
9.560000000000000000e+02 1.289699918682429370e+03
9.570000000000000000e+02 1.281378541709071669e+03
9.580000000000000000e+02 1.273176818357225557e+03
9.590000000000000000e+02 1.265102030216620051e+03
9.600000000000000000e+02 1.257161463450903966e+03
9.610000000000000000e+02 1.249347552167935419e+03
9.620000000000000000e+02 1.241667591889553478e+03
9.630000000000000000e+02 1.234121454567623459e+03
9.640000000000000000e+02 1.226709016999158848e+03
9.650000000000000000e+02 1.219430160889316767e+03
9.660000000000000000e+02 1.212284772912575590e+03
9.670000000000000000e+02 1.205280173122390579e+03
9.680000000000000000e+02 1.198408829958129900e+03
9.690000000000000000e+02 1.191678073702091751e+03
9.700000000000000000e+02 1.185087811483145742e+03
9.710000000000000000e+02 1.178630527329552478e+03
9.720000000000000000e+02 1.172313567270989552e+03
9.730000000000000000e+02 1.166136854337585874e+03
9.740000000000000000e+02 1.160107745308732774e+03
9.750000000000000000e+02 1.154211317358964834e+03
9.760000000000000000e+02 1.148454938204920381e+03
9.770000000000000000e+02 1.142845981098656694e+03
9.780000000000000000e+02 1.137376968169823613e+03
9.790000000000000000e+02 1.132047855517704875e+03
9.800000000000000000e+02 1.126866033251116505e+03
9.810000000000000000e+02 1.121824040476156370e+03
9.820000000000000000e+02 1.116921850384032496e+03
9.830000000000000000e+02 1.112159441936442590e+03
9.840000000000000000e+02 1.107544228249972321e+03
9.850000000000000000e+02 1.103068771577967482e+03
9.860000000000000000e+02 1.098733068392328050e+03
9.870000000000000000e+02 1.094544549412919423e+03
9.880000000000000000e+02 1.090495794584533996e+03
9.890000000000000000e+02 1.086586818153573859e+03
9.900000000000000000e+02 1.082817640341888364e+03
9.910000000000000000e+02 1.079188287368916463e+03
9.920000000000000000e+02 1.075706219822050798e+03
9.930000000000000000e+02 1.072356619273626393e+03
9.940000000000000000e+02 1.069154386748430170e+03
9.950000000000000000e+02 1.066084715935128770e+03
9.960000000000000000e+02 1.063155091649007545e+03
9.970000000000000000e+02 1.060365576439407732e+03
9.980000000000000000e+02 1.057716238945760779e+03
9.990000000000000000e+02 1.055199725550343373e+03
1.000000000000000000e+03 1.052823545429161186e+03
1.001000000000000000e+03 1.050572930818913392e+03
1.002000000000000000e+03 1.048462841526016973e+03
1.003000000000000000e+03 1.046478532052233732e+03
1.004000000000000000e+03 1.044627548012901570e+03
1.005000000000000000e+03 1.042895156019611250e+03
1.006000000000000000e+03 1.041296342112658067e+03
1.007000000000000000e+03 1.039816384936200848e+03
1.008000000000000000e+03 1.038462854163552038e+03
1.009000000000000000e+03 1.037235897066038888e+03
1.010000000000000000e+03 1.036120810128891890e+03
1.011000000000000000e+03 1.035132609115112245e+03
1.012000000000000000e+03 1.034256602222044194e+03
1.013000000000000000e+03 1.033492960137637510e+03
1.014000000000000000e+03 1.032856715991389592e+03
1.015000000000000000e+03 1.032325766849729916e+03
1.016000000000000000e+03 1.031915157161865636e+03
1.017000000000000000e+03 1.031625080247622236e+03
1.018000000000000000e+03 1.031440878233326430e+03
1.019000000000000000e+03 1.031370183735289629e+03
1.020000000000000000e+03 1.031413206387466289e+03
1.021000000000000000e+03 1.031562732766622048e+03
1.022000000000000000e+03 1.031818983014608420e+03
1.023000000000000000e+03 1.032167325706104066e+03
1.024000000000000000e+03 1.032622847865442054e+03
1.025000000000000000e+03 1.033163499726656028e+03
1.026000000000000000e+03 1.033804378145385726e+03
1.027000000000000000e+03 1.034530871353291786e+03
1.028000000000000000e+03 1.035343228963636420e+03
1.029000000000000000e+03 1.036256561872948396e+03
1.030000000000000000e+03 1.037248843708693585e+03
1.031000000000000000e+03 1.038335194229120361e+03
1.032000000000000000e+03 1.039501024066473519e+03
1.033000000000000000e+03 1.040761461422744787e+03
1.034000000000000000e+03 1.042101925159905477e+03
1.035000000000000000e+03 1.043530123142547836e+03
1.036000000000000000e+03 1.045031482026123740e+03
1.037000000000000000e+03 1.046598860546708465e+03
1.038000000000000000e+03 1.048247406109466056e+03
1.039000000000000000e+03 1.049962556224241098e+03
1.040000000000000000e+03 1.051737180143692740e+03
1.041000000000000000e+03 1.053579007100127910e+03
1.042000000000000000e+03 1.055480912790937737e+03
1.043000000000000000e+03 1.057435775965526318e+03
1.044000000000000000e+03 1.059458763362615400e+03
1.045000000000000000e+03 1.061535331145295231e+03
1.046000000000000000e+03 1.063665794889678409e+03
1.047000000000000000e+03 1.065850472772008516e+03
1.048000000000000000e+03 1.068089685456798406e+03
1.049000000000000000e+03 1.070376327635328607e+03
1.050000000000000000e+03 1.072710724615554909e+03
1.051000000000000000e+03 1.075085766075587571e+03
1.052000000000000000e+03 1.077501734346647936e+03
1.053000000000000000e+03 1.079958904262798342e+03
1.054000000000000000e+03 1.082457552489413729e+03
1.055000000000000000e+03 1.084983100715756564e+03
1.056000000000000000e+03 1.087543257300011874e+03
1.057000000000000000e+03 1.090130875412496380e+03
1.058000000000000000e+03 1.092746237981487184e+03
1.059000000000000000e+03 1.095382200888363514e+03
1.060000000000000000e+03 1.098046477914486331e+03
1.061000000000000000e+03 1.100731927236740148e+03
1.062000000000000000e+03 1.103438836375143410e+03
1.063000000000000000e+03 1.106160065389436795e+03
1.064000000000000000e+03 1.108895903476791318e+03
1.065000000000000000e+03 1.111639212168539188e+03
1.066000000000000000e+03 1.114397710278059094e+03
1.067000000000000000e+03 1.117156832046460750e+03
1.068000000000000000e+03 1.119931725490955159e+03
1.069000000000000000e+03 1.122700397148799766e+03
1.070000000000000000e+03 1.125477995475458556e+03
1.071000000000000000e+03 1.128249955587376917e+03
1.072000000000000000e+03 1.131023997608014042e+03
1.073000000000000000e+03 1.133785556459798954e+03
1.074000000000000000e+03 1.136542351858164466e+03
1.075000000000000000e+03 1.139287246451841838e+03
1.076000000000000000e+03 1.142027959114340092e+03
1.077000000000000000e+03 1.144749923082062651e+03
1.078000000000000000e+03 1.147460855944011882e+03
1.079000000000000000e+03 1.150146189427305217e+03
1.080000000000000000e+03 1.152821067734731059e+03
1.081000000000000000e+03 1.155470920627347823e+03
1.082000000000000000e+03 1.158096033409383836e+03
1.083000000000000000e+03 1.160696690109969268e+03
1.084000000000000000e+03 1.163273173364241529e+03
1.085000000000000000e+03 1.165818335943134343e+03
1.086000000000000000e+03 1.168332457332924832e+03
1.087000000000000000e+03 1.170815815263130389e+03
1.088000000000000000e+03 1.173261257233609285e+03
1.089000000000000000e+03 1.175669057091738978e+03
1.090000000000000000e+03 1.178039486558302087e+03
1.091000000000000000e+03 1.180372815103235325e+03
1.092000000000000000e+03 1.182661881470897924e+03
1.093000000000000000e+03 1.184906950256034406e+03
1.094000000000000000e+03 1.187108283429117819e+03
1.095000000000000000e+03 1.189266140212266464e+03
1.096000000000000000e+03 1.191373348605435240e+03
1.097000000000000000e+03 1.193437590314344106e+03
1.098000000000000000e+03 1.195451687227609000e+03
1.099000000000000000e+03 1.197408457996539710e+03
1.100000000000000000e+03 1.199323002966589456e+03
1.101000000000000000e+03 1.201173268044862652e+03
1.102000000000000000e+03 1.202974300448366648e+03
1.103000000000000000e+03 1.204711421076386159e+03
1.104000000000000000e+03 1.206399660413783977e+03
1.105000000000000000e+03 1.208024331619997611e+03
1.106000000000000000e+03 1.209585600524237861e+03
1.107000000000000000e+03 1.211091057171837292e+03
1.108000000000000000e+03 1.212526002322940030e+03
1.109000000000000000e+03 1.213905445807212118e+03
1.110000000000000000e+03 1.215214679628233398e+03
1.111000000000000000e+03 1.216461276325234621e+03
1.112000000000000000e+03 1.217637947135556487e+03
1.113000000000000000e+03 1.218752255313215755e+03
1.114000000000000000e+03 1.219796902649428148e+03
1.115000000000000000e+03 1.220772014448933078e+03
1.116000000000000000e+03 1.221677711109442498e+03
1.117000000000000000e+03 1.222514108055518136e+03
1.118000000000000000e+03 1.223281315676667873e+03
1.119000000000000000e+03 1.223972010919427703e+03
1.120000000000000000e+03 1.224586293934428795e+03
1.121000000000000000e+03 1.225131688027188375e+03
1.122000000000000000e+03 1.225600854562330142e+03
1.123000000000000000e+03 1.225993877973443887e+03
1.124000000000000000e+03 1.226318265726249365e+03
1.125000000000000000e+03 1.226559234884742636e+03
1.126000000000000000e+03 1.226716853833469713e+03
1.127000000000000000e+03 1.226806042252305360e+03
1.128000000000000000e+03 1.226819429343620186e+03
1.129000000000000000e+03 1.226749638864938561e+03
1.130000000000000000e+03 1.226611574164936201e+03
1.131000000000000000e+03 1.226390419720120917e+03
1.132000000000000000e+03 1.226093639578024067e+03
1.133000000000000000e+03 1.225721263950481671e+03
1.134000000000000000e+03 1.225265889210571913e+03
1.135000000000000000e+03 1.224734962942777884e+03
1.136000000000000000e+03 1.224128498893945334e+03
1.137000000000000000e+03 1.223439076977091645e+03
1.138000000000000000e+03 1.222674128327892277e+03
1.139000000000000000e+03 1.221833650261410412e+03
1.140000000000000000e+03 1.220902777930895354e+03
1.141000000000000000e+03 1.219903782789983325e+03
1.142000000000000000e+03 1.218821789101887362e+03
1.143000000000000000e+03 1.217664200754173862e+03
1.144000000000000000e+03 1.216423559521239667e+03
1.145000000000000000e+03 1.215107258479851453e+03
1.146000000000000000e+03 1.213715256973639725e+03
1.147000000000000000e+03 1.212247508979183976e+03
1.148000000000000000e+03 1.210696534772108407e+03
1.149000000000000000e+03 1.209069705994610104e+03
1.150000000000000000e+03 1.207366960621858198e+03
1.151000000000000000e+03 1.205588230051014762e+03
1.152000000000000000e+03 1.203733435282871596e+03
1.153000000000000000e+03 1.201809919126341356e+03
1.154000000000000000e+03 1.199802734094568677e+03
1.155000000000000000e+03 1.197726640875402154e+03
1.156000000000000000e+03 1.195574109898732559e+03
1.157000000000000000e+03 1.193352463107260746e+03
1.158000000000000000e+03 1.191061588925752176e+03
1.159000000000000000e+03 1.188701370631875761e+03
1.160000000000000000e+03 1.186271686377466267e+03
1.161000000000000000e+03 1.183772409210573187e+03
1.162000000000000000e+03 1.181210835448669059e+03
1.163000000000000000e+03 1.178579399651898257e+03
1.164000000000000000e+03 1.175885388049251787e+03
1.165000000000000000e+03 1.173128653514325379e+03
1.166000000000000000e+03 1.170301615593304632e+03
1.167000000000000000e+03 1.167411545585341855e+03
1.168000000000000000e+03 1.164458281523231108e+03
1.169000000000000000e+03 1.161449084907298356e+03
1.170000000000000000e+03 1.158376355690163564e+03
1.171000000000000000e+03 1.155247345715536540e+03
1.172000000000000000e+03 1.152061873707707491e+03
1.173000000000000000e+03 1.148819753664623022e+03
1.174000000000000000e+03 1.145520794903454316e+03
1.175000000000000000e+03 1.142164802109037055e+03
1.176000000000000000e+03 1.138759003735560555e+03
1.177000000000000000e+03 1.135303195360627342e+03
1.178000000000000000e+03 1.131789739743031987e+03
1.179000000000000000e+03 1.128233280284854800e+03
1.180000000000000000e+03 1.124626170994447193e+03
1.181000000000000000e+03 1.120968189955366597e+03
1.182000000000000000e+03 1.117266539397815677e+03
1.183000000000000000e+03 1.113520989073105966e+03
1.184000000000000000e+03 1.109731304682418113e+03
1.185000000000000000e+03 1.105897247958847856e+03
1.186000000000000000e+03 1.102018576752967192e+03
1.187000000000000000e+03 1.098102473472114980e+03
1.188000000000000000e+03 1.094148688472353570e+03
1.189000000000000000e+03 1.090156968504521956e+03
1.190000000000000000e+03 1.086119628463042773e+03
1.191000000000000000e+03 1.082058693239371223e+03
1.192000000000000000e+03 1.077959042674969851e+03
1.193000000000000000e+03 1.073827838471412406e+03
1.194000000000000000e+03 1.069672239250468692e+03
1.195000000000000000e+03 1.065484543967003674e+03
1.196000000000000000e+03 1.061264477075508239e+03
1.197000000000000000e+03 1.057019188648080444e+03
1.198000000000000000e+03 1.052755826144150660e+03
1.199000000000000000e+03 1.048466677831750076e+03
1.200000000000000000e+03 1.044151457961603683e+03
1.201000000000000000e+03 1.039817314459593263e+03
1.202000000000000000e+03 1.035463995055368741e+03
1.203000000000000000e+03 1.031091253056078131e+03
1.204000000000000000e+03 1.026706268256297562e+03
1.205000000000000000e+03 1.022301362015183940e+03
1.206000000000000000e+03 1.017883710785617154e+03
1.207000000000000000e+03 1.013453061191618076e+03
1.208000000000000000e+03 1.009016586856825484e+03
1.209000000000000000e+03 1.004574031831582261e+03
1.210000000000000000e+03 1.000117710719930642e+03
1.211000000000000000e+03 9.956547938565786353e+02
1.212000000000000000e+03 9.911924507316630297e+02
1.213000000000000000e+03 9.867229934143931587e+02
1.214000000000000000e+03 9.822535900769233876e+02
1.215000000000000000e+03 9.777914084153127305e+02
1.216000000000000000e+03 9.733213307187039618e+02
1.217000000000000000e+03 9.688579524393558131e+02
1.218000000000000000e+03 9.644010122076873586e+02
1.219000000000000000e+03 9.599502486475075784e+02
1.220000000000000000e+03 9.554979721386147276e+02
1.221000000000000000e+03 9.510662066789703886e+02
1.222000000000000000e+03 9.466324064911688083e+02
1.223000000000000000e+03 9.422185963324347995e+02
1.224000000000000000e+03 9.378096597469015023e+02
1.225000000000000000e+03 9.334201943209326373e+02
1.226000000000000000e+03 9.290425133325202296e+02
1.227000000000000000e+03 9.246837876017997360e+02
1.228000000000000000e+03 9.203437605377358750e+02
1.229000000000000000e+03 9.160296049343019149e+02
1.230000000000000000e+03 9.117336380137245442e+02
1.231000000000000000e+03 9.074556065696356200e+02
1.232000000000000000e+03 9.032026870579738898e+02
1.233000000000000000e+03 8.989820573362421783e+02
1.234000000000000000e+03 8.947786117009760574e+02
1.235000000000000000e+03 8.906069594265374008e+02
1.236000000000000000e+03 8.864594263993498089e+02
1.237000000000000000e+03 8.823431969541919671e+02
1.238000000000000000e+03 8.782580289076652207e+02
1.239000000000000000e+03 8.742036819919572963e+02
1.240000000000000000e+03 8.701799179377557039e+02
1.241000000000000000e+03 8.661939289069318875e+02
1.242000000000000000e+03 8.622454808740906174e+02
1.243000000000000000e+03 8.583269137083386795e+02
1.244000000000000000e+03 8.544454263056112495e+02
1.245000000000000000e+03 8.506007916193856317e+02
1.246000000000000000e+03 8.468002134426071734e+02
1.247000000000000000e+03 8.430360414383847001e+02
1.248000000000000000e+03 8.393154846225086203e+02
1.249000000000000000e+03 8.356308980440759342e+02
1.250000000000000000e+03 8.319969246184982694e+02
1.251000000000000000e+03 8.283985039646677251e+02
1.252000000000000000e+03 8.248428925597902435e+02
1.253000000000000000e+03 8.213373571497666035e+02
1.254000000000000000e+03 8.178743109239458136e+02
1.255000000000000000e+03 8.144610269984441402e+02
1.256000000000000000e+03 8.110973534477116118e+02
1.257000000000000000e+03 8.077831417370231293e+02
1.258000000000000000e+03 8.045182468045643418e+02
1.259000000000000000e+03 8.012950987930125848e+02
1.260000000000000000e+03 7.981358448822612672e+02
1.261000000000000000e+03 7.950180658679162207e+02
1.262000000000000000e+03 7.919564880944386687e+02
1.263000000000000000e+03 7.889509850830453388e+02
1.264000000000000000e+03 7.859940059607258718e+02
1.265000000000000000e+03 7.830928605887208960e+02
1.266000000000000000e+03 7.802400062380572763e+02
1.267000000000000000e+03 7.774501894159776612e+02
1.268000000000000000e+03 7.747158758380996915e+02
1.269000000000000000e+03 7.720369639013878214e+02
1.270000000000000000e+03 7.694133564040217834e+02
1.271000000000000000e+03 7.668449606134932992e+02
1.272000000000000000e+03 7.643391166827690313e+02
1.273000000000000000e+03 7.618883126631053528e+02
1.274000000000000000e+03 7.594917267808367569e+02
1.275000000000000000e+03 7.571567131658343897e+02
1.276000000000000000e+03 7.548809738665186160e+02
1.277000000000000000e+03 7.526644442629362857e+02
1.278000000000000000e+03 7.505070646113047133e+02
1.279000000000000000e+03 7.484087800904541155e+02
1.280000000000000000e+03 7.463702836800118803e+02
1.281000000000000000e+03 7.443915305301383114e+02
1.282000000000000000e+03 7.424724808328787731e+02
1.283000000000000000e+03 7.406130998549640481e+02
1.284000000000000000e+03 7.388133579670329709e+02
1.285000000000000000e+03 7.370739735042562870e+02
1.286000000000000000e+03 7.353941842832113025e+02
1.287000000000000000e+03 7.337747189602702065e+02
1.288000000000000000e+03 7.322148257061267032e+02
1.289000000000000000e+03 7.307145007218516639e+02
1.290000000000000000e+03 7.292752310812817313e+02
1.291000000000000000e+03 7.278955377246562648e+02
1.292000000000000000e+03 7.265754324690364001e+02
1.293000000000000000e+03 7.253149323350687609e+02
1.294000000000000000e+03 7.241148023754523138e+02
1.295000000000000000e+03 7.229728414899716427e+02
1.296000000000000000e+03 7.218905679276952014e+02
1.297000000000000000e+03 7.208665337556515169e+02
1.298000000000000000e+03 7.199015246849484129e+02
1.299000000000000000e+03 7.189941030387337833e+02
1.300000000000000000e+03 7.181443219027325995e+02
1.301000000000000000e+03 7.173522404202013831e+02
1.302000000000000000e+03 7.166171839037975815e+02
1.303000000000000000e+03 7.159384836622649573e+02
1.304000000000000000e+03 7.153154759742700435e+02
1.305000000000000000e+03 7.147497305574755728e+02
1.306000000000000000e+03 7.142383650154574752e+02
1.307000000000000000e+03 7.137822159834108788e+02
1.308000000000000000e+03 7.133806392418269979e+02
1.309000000000000000e+03 7.130329953439512565e+02
1.310000000000000000e+03 7.127379067368516417e+02
1.311000000000000000e+03 7.124962290564157001e+02
1.312000000000000000e+03 7.123065940710166615e+02
1.313000000000000000e+03 7.121683809744557720e+02
1.314000000000000000e+03 7.120809735029023386e+02
1.315000000000000000e+03 7.120437598860680737e+02
1.316000000000000000e+03 7.120561327976729444e+02
1.317000000000000000e+03 7.121174893052659627e+02
1.318000000000000000e+03 7.122272308194612833e+02
1.319000000000000000e+03 7.123847630426358819e+02
1.320000000000000000e+03 7.125887530820954225e+02
1.321000000000000000e+03 7.128393579028634122e+02
1.322000000000000000e+03 7.131359957698514336e+02
1.323000000000000000e+03 7.134766033596171155e+02
1.324000000000000000e+03 7.138613498817990148e+02
1.325000000000000000e+03 7.142889228498114562e+02
1.326000000000000000e+03 7.147587565312214792e+02
1.327000000000000000e+03 7.152702890574714729e+02
1.328000000000000000e+03 7.158222195330001796e+02
1.329000000000000000e+03 7.164132508137616924e+02
1.330000000000000000e+03 7.170435751200564027e+02
1.331000000000000000e+03 7.177119026384318659e+02
1.332000000000000000e+03 7.184162042978583713e+02
1.333000000000000000e+03 7.191574258850791921e+02
1.334000000000000000e+03 7.199335453036319450e+02
1.335000000000000000e+03 7.207432866871083661e+02
1.336000000000000000e+03 7.215868631711484795e+02
1.337000000000000000e+03 7.224622626540340207e+02
1.338000000000000000e+03 7.233697047412276788e+02
1.339000000000000000e+03 7.243071836682015601e+02
1.340000000000000000e+03 7.252734395720300427e+02
1.341000000000000000e+03 7.262687012563485496e+02
1.342000000000000000e+03 7.272909719445360679e+02
1.343000000000000000e+03 7.283397433814590158e+02
1.344000000000000000e+03 7.294130244182471188e+02
1.345000000000000000e+03 7.305110551105003651e+02
1.346000000000000000e+03 7.316318496293921498e+02
1.347000000000000000e+03 7.327749103561799302e+02
1.348000000000000000e+03 7.339382564596080556e+02
1.349000000000000000e+03 7.351221379866352663e+02
1.350000000000000000e+03 7.363245787659872121e+02
1.351000000000000000e+03 7.375450846010005534e+02
1.352000000000000000e+03 7.387823969922177412e+02
1.353000000000000000e+03 7.400374820678360948e+02
1.354000000000000000e+03 7.413016510236739123e+02
1.355000000000000000e+03 7.425855305936653394e+02
1.356000000000000000e+03 7.438819212014329878e+02
1.357000000000000000e+03 7.451910532523324946e+02
1.358000000000000000e+03 7.465131586828501895e+02
1.359000000000000000e+03 7.478410425085397719e+02
1.360000000000000000e+03 7.491749394213502455e+02
1.361000000000000000e+03 7.505150853349466615e+02
1.362000000000000000e+03 7.518691456293896636e+02
1.363000000000000000e+03 7.532225016435428415e+02
1.364000000000000000e+03 7.545828206690839579e+02
1.365000000000000000e+03 7.559503424412508821e+02
1.366000000000000000e+03 7.573104506797086515e+02
1.367000000000000000e+03 7.586782430806749744e+02
1.368000000000000000e+03 7.600465327554460373e+02
1.369000000000000000e+03 7.614081331712159226e+02
1.370000000000000000e+03 7.627781430918315664e+02
1.371000000000000000e+03 7.641345196658780878e+02
1.372000000000000000e+03 7.654923618194842447e+02
1.373000000000000000e+03 7.668444833449882481e+02
1.374000000000000000e+03 7.681911261931019226e+02
1.375000000000000000e+03 7.695251036642032432e+02
1.376000000000000000e+03 7.708540853516363995e+02
1.377000000000000000e+03 7.721783119843930763e+02
1.378000000000000000e+03 7.734905953215381942e+02
1.379000000000000000e+03 7.747911747482429519e+02
1.380000000000000000e+03 7.760728604720253543e+02
1.381000000000000000e+03 7.773507468217921996e+02
1.382000000000000000e+03 7.786102136955203150e+02
1.383000000000000000e+03 7.798514965626536650e+02
1.384000000000000000e+03 7.810748296660334518e+02
1.385000000000000000e+03 7.822878742761721469e+02
1.386000000000000000e+03 7.834834335461730461e+02
1.387000000000000000e+03 7.846543091195808302e+02
1.388000000000000000e+03 7.858081577399522075e+02
1.389000000000000000e+03 7.869377777606629252e+02
1.390000000000000000e+03 7.880508224584702930e+02
1.391000000000000000e+03 7.891400865468311849e+02
1.392000000000000000e+03 7.902057911427284580e+02
1.393000000000000000e+03 7.912555836844896930e+02
1.394000000000000000e+03 7.922748244503342221e+02
1.395000000000000000e+03 7.932637282308736530e+02
1.396000000000000000e+03 7.942299359017805500e+02
1.397000000000000000e+03 7.951736576478459710e+02
1.398000000000000000e+03 7.960802445388790147e+02
1.399000000000000000e+03 7.969647585589076471e+02
1.400000000000000000e+03 7.978125457333773056e+02
1.401000000000000000e+03 7.986386567921150572e+02
1.402000000000000000e+03 7.994284020903135115e+02
1.403000000000000000e+03 8.001893682027326804e+02
1.404000000000000000e+03 8.009217105270635102e+02
1.405000000000000000e+03 8.016181532198414743e+02
1.406000000000000000e+03 8.022788458340402258e+02
1.407000000000000000e+03 8.029039349070487788e+02
1.408000000000000000e+03 8.035009922502305244e+02
1.409000000000000000e+03 8.040553014882721072e+02
1.410000000000000000e+03 8.045818564522805900e+02
1.411000000000000000e+03 8.050659343200911735e+02
1.412000000000000000e+03 8.055150940112559965e+02
1.413000000000000000e+03 8.059220343799361217e+02
1.414000000000000000e+03 8.062943075609280186e+02
1.415000000000000000e+03 8.066246055145581977e+02
1.416000000000000000e+03 8.069204733744404621e+02
1.417000000000000000e+03 8.071745959940918738e+02
1.418000000000000000e+03 8.073945112964147484e+02
1.419000000000000000e+03 8.075728968220557817e+02
1.420000000000000000e+03 8.077098547304090062e+02
1.421000000000000000e+03 8.078054834005423572e+02
1.422000000000000000e+03 8.078598773833235782e+02
1.423000000000000000e+03 8.078805557047882075e+02
1.424000000000000000e+03 8.078527484192891279e+02
1.425000000000000000e+03 8.077839666662312084e+02
1.426000000000000000e+03 8.076742892254412709e+02
1.427000000000000000e+03 8.075163624747343647e+02
1.428000000000000000e+03 8.073176853994904150e+02
1.429000000000000000e+03 8.070783245020562617e+02
1.430000000000000000e+03 8.067983421135452318e+02
1.431000000000000000e+03 8.064703680066037350e+02
1.432000000000000000e+03 8.061018844107230734e+02
1.433000000000000000e+03 8.056855125774201269e+02
1.434000000000000000e+03 8.052287261491112531e+02
1.435000000000000000e+03 8.047241377277601941e+02
1.436000000000000000e+03 8.041792122473705149e+02
1.437000000000000000e+03 8.035865535463997276e+02
1.438000000000000000e+03 8.029461893939151196e+02
1.439000000000000000e+03 8.022655714670617044e+02
1.440000000000000000e+03 8.015447186301580587e+02
1.441000000000000000e+03 8.007762169164802799e+02
1.442000000000000000e+03 7.999600762127953431e+02
1.443000000000000000e+03 7.990963018954433892e+02
1.444000000000000000e+03 7.981923231692677518e+02
1.445000000000000000e+03 7.972407080079356092e+02
1.446000000000000000e+03 7.962414481981826384e+02
1.447000000000000000e+03 7.952019593357637177e+02
1.448000000000000000e+03 7.941147957731309361e+02
1.449000000000000000e+03 7.929799356711050677e+02
1.450000000000000000e+03 7.918047810023000466e+02
1.451000000000000000e+03 7.905892999036470883e+02
1.452000000000000000e+03 7.893260238261041195e+02
1.453000000000000000e+03 7.880149071047964071e+02
1.454000000000000000e+03 7.866633279253130695e+02
1.455000000000000000e+03 7.852712316390428668e+02
1.456000000000000000e+03 7.838385591316754244e+02
1.457000000000000000e+03 7.823652468438284586e+02
1.458000000000000000e+03 7.808437984437589421e+02
1.459000000000000000e+03 7.792815699033604915e+02
1.460000000000000000e+03 7.776784844748917749e+02
1.461000000000000000e+03 7.760344610708799564e+02
1.462000000000000000e+03 7.743494142958830935e+02
1.463000000000000000e+03 7.726232544803025348e+02
1.464000000000000000e+03 7.708558877161696046e+02
1.465000000000000000e+03 7.690472158948393826e+02
1.466000000000000000e+03 7.672045650967685333e+02
1.467000000000000000e+03 7.653204005820502971e+02
1.468000000000000000e+03 7.634020402343845717e+02
1.469000000000000000e+03 7.614419412046549951e+02
1.470000000000000000e+03 7.594399850077900282e+02
1.471000000000000000e+03 7.574109059205806034e+02
1.472000000000000000e+03 7.553397209291364334e+02
1.473000000000000000e+03 7.532262998806542100e+02
1.474000000000000000e+03 7.510853655349328619e+02
1.475000000000000000e+03 7.489019235155673186e+02
1.476000000000000000e+03 7.466906891657606593e+02
1.477000000000000000e+03 7.444440891514410623e+02
1.478000000000000000e+03 7.421619749181307952e+02
1.479000000000000000e+03 7.398516227477643952e+02
1.480000000000000000e+03 7.375054487656583433e+02
1.481000000000000000e+03 7.351307224000888709e+02
1.482000000000000000e+03 7.327198530406894861e+02
1.483000000000000000e+03 7.302801034996332419e+02
1.484000000000000000e+03 7.278187333720712786e+02
1.485000000000000000e+03 7.253207140470509557e+02
1.486000000000000000e+03 7.228007272216441379e+02
1.487000000000000000e+03 7.202437381620179622e+02
1.488000000000000000e+03 7.176644225691869678e+02
1.489000000000000000e+03 7.150625965419370687e+02
1.490000000000000000e+03 7.124269308170422619e+02
1.491000000000000000e+03 7.097683784111468412e+02
1.492000000000000000e+03 7.070852614410152910e+02
1.493000000000000000e+03 7.043781278911288837e+02
1.494000000000000000e+03 7.016467803413593174e+02
1.495000000000000000e+03 6.988925045405051151e+02
1.496000000000000000e+03 6.961158409703713232e+02
1.497000000000000000e+03 6.933180705856832446e+02
1.498000000000000000e+03 6.904989863795904057e+02
1.499000000000000000e+03 6.876598647950759187e+02
1.500000000000000000e+03 6.848012372919292829e+02
1.501000000000000000e+03 6.819236374147845936e+02
1.502000000000000000e+03 6.790290990173707542e+02
1.503000000000000000e+03 6.761166868460406931e+02
1.504000000000000000e+03 6.731876922998237660e+02
1.505000000000000000e+03 6.702434050012207081e+02
1.506000000000000000e+03 6.672836272027928999e+02
1.507000000000000000e+03 6.643089023696506956e+02
1.508000000000000000e+03 6.613205152576309729e+02
1.509000000000000000e+03 6.583190063221787796e+02
1.510000000000000000e+03 6.553049146330457688e+02
1.511000000000000000e+03 6.522787779546868023e+02
1.512000000000000000e+03 6.492433613324344606e+02
1.513000000000000000e+03 6.461977144940730113e+02
1.514000000000000000e+03 6.431438574474855159e+02
1.515000000000000000e+03 6.400830663885612921e+02
1.516000000000000000e+03 6.370151309497781540e+02
1.517000000000000000e+03 6.339413256244409922e+02
1.518000000000000000e+03 6.308629241812540158e+02
1.519000000000000000e+03 6.277797140793310291e+02
1.520000000000000000e+03 6.246929678937344761e+02
1.521000000000000000e+03 6.216032148961660369e+02
1.522000000000000000e+03 6.185109839760227715e+02
1.523000000000000000e+03 6.154168037266306328e+02
1.524000000000000000e+03 6.123219453666393974e+02
1.525000000000000000e+03 6.092269371564171934e+02
1.526000000000000000e+03 6.061330501545448897e+02
1.527000000000000000e+03 6.030400697991204879e+02
1.528000000000000000e+03 5.999492673340998863e+02
1.529000000000000000e+03 5.968619142252812253e+02
1.530000000000000000e+03 5.937777965760086545e+02
1.531000000000000000e+03 5.906981865526782940e+02
1.532000000000000000e+03 5.876228711296240590e+02
1.533000000000000000e+03 5.845538663487418489e+02
1.534000000000000000e+03 5.814909603932842401e+02
1.535000000000000000e+03 5.784346850112865468e+02
1.536000000000000000e+03 5.753863155982115813e+02
1.537000000000000000e+03 5.723448999387528602e+02
1.538000000000000000e+03 5.693132009681401087e+02
1.539000000000000000e+03 5.662910113371682428e+02
1.540000000000000000e+03 5.632788676666731362e+02
1.541000000000000000e+03 5.602773077909112089e+02
1.542000000000000000e+03 5.572883565050204879e+02
1.543000000000000000e+03 5.543110686312526241e+02
1.544000000000000000e+03 5.513474717744903728e+02
1.545000000000000000e+03 5.483966237162685502e+02
1.546000000000000000e+03 5.454605551680733697e+02
1.547000000000000000e+03 5.425398128331476073e+02
1.548000000000000000e+03 5.396334594772802120e+02
1.549000000000000000e+03 5.367435310085703577e+02
1.550000000000000000e+03 5.338698367006753642e+02
1.551000000000000000e+03 5.310129356509000900e+02
1.552000000000000000e+03 5.281734091634816650e+02
1.553000000000000000e+03 5.253525884971559208e+02
1.554000000000000000e+03 5.225495785379190465e+02
1.555000000000000000e+03 5.197657148716067468e+02
1.556000000000000000e+03 5.170015925050344094e+02
1.557000000000000000e+03 5.142578087610806961e+02
1.558000000000000000e+03 5.115349633375766984e+02
1.559000000000000000e+03 5.088336583650354328e+02
1.560000000000000000e+03 5.061537556282069090e+02
1.561000000000000000e+03 5.034958622915764863e+02
1.562000000000000000e+03 5.008613309536881388e+02
1.563000000000000000e+03 4.982492883602580491e+02
1.564000000000000000e+03 4.956618353014649188e+02
1.565000000000000000e+03 4.930981039827773316e+02
1.566000000000000000e+03 4.905594579200769090e+02
1.567000000000000000e+03 4.880450349783853881e+02
1.568000000000000000e+03 4.855562044298271758e+02
1.569000000000000000e+03 4.830935956602806414e+02
1.570000000000000000e+03 4.806563553800427258e+02
1.571000000000000000e+03 4.782466046786104812e+02
1.572000000000000000e+03 4.758627535530184787e+02
1.573000000000000000e+03 4.735061864655571640e+02
1.574000000000000000e+03 4.711775482100587737e+02
1.575000000000000000e+03 4.688767439522127347e+02
1.576000000000000000e+03 4.666036821037964160e+02
1.577000000000000000e+03 4.643597600308025903e+02
1.578000000000000000e+03 4.621448927502637503e+02
1.579000000000000000e+03 4.599597414710783596e+02
1.580000000000000000e+03 4.578034851234826306e+02
1.581000000000000000e+03 4.556775345674896585e+02
1.582000000000000000e+03 4.535818184498143069e+02
1.583000000000000000e+03 4.515162689046724154e+02
1.584000000000000000e+03 4.494808215831945972e+02
1.585000000000000000e+03 4.474754156814668704e+02
1.586000000000000000e+03 4.455014796372071260e+02
1.587000000000000000e+03 4.435582169798150289e+02
1.588000000000000000e+03 4.416455776941518820e+02
1.589000000000000000e+03 4.397642582426860827e+02
1.590000000000000000e+03 4.379142159160134042e+02
1.591000000000000000e+03 4.360954116868363144e+02
1.592000000000000000e+03 4.343085530622872170e+02
1.593000000000000000e+03 4.325528655944590355e+02
1.594000000000000000e+03 4.308290642343807804e+02
1.595000000000000000e+03 4.291371248390530582e+02
1.596000000000000000e+03 4.274762841817624803e+02
1.597000000000000000e+03 4.258480113006700662e+02
1.598000000000000000e+03 4.242515504952970105e+02
1.599000000000000000e+03 4.226861498363604142e+02
1.600000000000000000e+03 4.211540325087391352e+02
1.601000000000000000e+03 4.196529695483352498e+02
1.602000000000000000e+03 4.181837114498269443e+02
1.603000000000000000e+03 4.167462707301776845e+02
1.604000000000000000e+03 4.153406636726759302e+02
1.605000000000000000e+03 4.139669103201754865e+02
1.606000000000000000e+03 4.126242916313861429e+02
1.607000000000000000e+03 4.113135779753492898e+02
1.608000000000000000e+03 4.100340577788399514e+02
1.609000000000000000e+03 4.087857660170639633e+02
1.610000000000000000e+03 4.075687413623990096e+02
1.611000000000000000e+03 4.063830261663339911e+02
1.612000000000000000e+03 4.052286664396129936e+02
1.613000000000000000e+03 4.041049689955958115e+02
1.614000000000000000e+03 4.030119870969745079e+02
1.615000000000000000e+03 4.019497775957401018e+02
1.616000000000000000e+03 4.009184009065454575e+02
1.617000000000000000e+03 3.999171781434631612e+02
1.618000000000000000e+03 3.989461767602919053e+02
1.619000000000000000e+03 3.980047248492879248e+02
1.620000000000000000e+03 3.970928967785786767e+02
1.621000000000000000e+03 3.962107703231400251e+02
1.622000000000000000e+03 3.953576837944700060e+02
1.623000000000000000e+03 3.945337216740912822e+02
1.624000000000000000e+03 3.937382289057676417e+02
1.625000000000000000e+03 3.929712965266903097e+02
1.626000000000000000e+03 3.922330187925180098e+02
1.627000000000000000e+03 3.915220074663758965e+02
1.628000000000000000e+03 3.908391059520682802e+02
1.629000000000000000e+03 3.901836750761329426e+02
1.630000000000000000e+03 3.895550787142127547e+02
1.631000000000000000e+03 3.889534265815917706e+02
1.632000000000000000e+03 3.883780885178923654e+02
1.633000000000000000e+03 3.878284372761239069e+02
1.634000000000000000e+03 3.873053341460733918e+02
1.635000000000000000e+03 3.868074147318717451e+02
1.636000000000000000e+03 3.863340602441692795e+02
1.637000000000000000e+03 3.858861402866464800e+02
1.638000000000000000e+03 3.854622986318100857e+02
1.639000000000000000e+03 3.850626673464949477e+02
1.640000000000000000e+03 3.846866382366373500e+02
1.641000000000000000e+03 3.843336056316326221e+02
1.642000000000000000e+03 3.840037091681854236e+02
1.643000000000000000e+03 3.836963480685839158e+02
1.644000000000000000e+03 3.834116667585731193e+02
1.645000000000000000e+03 3.831483263096021119e+02
1.646000000000000000e+03 3.829064757257390283e+02
1.647000000000000000e+03 3.826855233848985449e+02
1.648000000000000000e+03 3.824848798196450161e+02
1.649000000000000000e+03 3.823047004974605443e+02
1.650000000000000000e+03 3.821436572603638524e+02
1.651000000000000000e+03 3.820019067078623038e+02
1.652000000000000000e+03 3.818795957666194454e+02
1.653000000000000000e+03 3.817746418321623310e+02
1.654000000000000000e+03 3.816886782926956130e+02
1.655000000000000000e+03 3.816196261205559495e+02
1.656000000000000000e+03 3.815668936584444850e+02
1.657000000000000000e+03 3.815313765598194209e+02
1.658000000000000000e+03 3.815117435534874630e+02
1.659000000000000000e+03 3.815081505577547887e+02
1.660000000000000000e+03 3.815192692786536668e+02
1.661000000000000000e+03 3.815452584876611581e+02
1.662000000000000000e+03 3.815847926185066399e+02
1.663000000000000000e+03 3.816387758784901507e+02
1.664000000000000000e+03 3.817058851738146927e+02
1.665000000000000000e+03 3.817855413844623058e+02
1.666000000000000000e+03 3.818771664632494662e+02
1.667000000000000000e+03 3.819809262042490445e+02
1.668000000000000000e+03 3.820962445054741465e+02
1.669000000000000000e+03 3.822218033009681335e+02
1.670000000000000000e+03 3.823577709973564538e+02
1.671000000000000000e+03 3.825035738996625128e+02
1.672000000000000000e+03 3.826586389766767411e+02
1.673000000000000000e+03 3.828223937907916365e+02
1.674000000000000000e+03 3.829950092623989235e+02
1.675000000000000000e+03 3.831751710937706434e+02
1.676000000000000000e+03 3.833630510377536780e+02
1.677000000000000000e+03 3.835580783209821902e+02
1.678000000000000000e+03 3.837604252419687327e+02
1.679000000000000000e+03 3.839680357588617881e+02
1.680000000000000000e+03 3.841810824273355252e+02
1.681000000000000000e+03 3.844004806582298102e+02
1.682000000000000000e+03 3.846234316351115581e+02
1.683000000000000000e+03 3.848508505923291523e+02
1.684000000000000000e+03 3.850821668978085768e+02
1.685000000000000000e+03 3.853168096513158503e+02
1.686000000000000000e+03 3.855542076129853513e+02
1.687000000000000000e+03 3.857937891322394535e+02
1.688000000000000000e+03 3.860357249121980203e+02
1.689000000000000000e+03 3.862794422695521348e+02
1.690000000000000000e+03 3.865236250650985426e+02
1.691000000000000000e+03 3.867684421400302881e+02
1.692000000000000000e+03 3.870140615778519191e+02
1.693000000000000000e+03 3.872584221320844904e+02
1.694000000000000000e+03 3.875031758401225375e+02
1.695000000000000000e+03 3.877455167725525484e+02
1.696000000000000000e+03 3.879870949890379279e+02
1.697000000000000000e+03 3.882265881246966615e+02
1.698000000000000000e+03 3.884626726679192075e+02
1.699000000000000000e+03 3.886962524042932614e+02
1.700000000000000000e+03 3.889267441814986910e+02
1.701000000000000000e+03 3.891535597492758143e+02
1.702000000000000000e+03 3.893760943879650540e+02
1.703000000000000000e+03 3.895944810011530421e+02
1.704000000000000000e+03 3.898081081619052384e+02
1.705000000000000000e+03 3.900171057290778549e+02
1.706000000000000000e+03 3.902201162897969766e+02
1.707000000000000000e+03 3.904172664484052007e+02
1.708000000000000000e+03 3.906079382715267911e+02
1.709000000000000000e+03 3.907929977445669465e+02
1.710000000000000000e+03 3.909703377142610634e+02
1.711000000000000000e+03 3.911408205228321435e+02
1.712000000000000000e+03 3.913030781180145823e+02
1.713000000000000000e+03 3.914572261845937646e+02
1.714000000000000000e+03 3.916033784319640745e+02
1.715000000000000000e+03 3.917409037178751419e+02
1.716000000000000000e+03 3.918699116783851082e+02
1.717000000000000000e+03 3.919890241837906615e+02
1.718000000000000000e+03 3.920983466407965921e+02
1.719000000000000000e+03 3.921987251205924281e+02
1.720000000000000000e+03 3.922880321478234578e+02
1.721000000000000000e+03 3.923678521808714663e+02
1.722000000000000000e+03 3.924367960626086642e+02
1.723000000000000000e+03 3.924942151623898781e+02
1.724000000000000000e+03 3.925416870138256513e+02
1.725000000000000000e+03 3.925770726031274194e+02
1.726000000000000000e+03 3.926004590186449832e+02
1.727000000000000000e+03 3.926126737509199529e+02
1.728000000000000000e+03 3.926123133234283387e+02
1.729000000000000000e+03 3.925994574392663026e+02
1.730000000000000000e+03 3.925741832833602416e+02
1.731000000000000000e+03 3.925358226603863159e+02
1.732000000000000000e+03 3.924844476384382119e+02
1.733000000000000000e+03 3.924193848532605671e+02
1.734000000000000000e+03 3.923407011532461297e+02
1.735000000000000000e+03 3.922477179049964775e+02
1.736000000000000000e+03 3.921419823097032804e+02
1.737000000000000000e+03 3.920220675349335693e+02
1.738000000000000000e+03 3.918880297024348920e+02
1.739000000000000000e+03 3.917399221964519143e+02
1.740000000000000000e+03 3.915777956428285052e+02
1.741000000000000000e+03 3.914016978888707854e+02
1.742000000000000000e+03 3.912109311489770676e+02
1.743000000000000000e+03 3.910055376561676326e+02
1.744000000000000000e+03 3.907848139743773572e+02
1.745000000000000000e+03 3.905502823217995569e+02
1.746000000000000000e+03 3.902997478748753224e+02
1.747000000000000000e+03 3.900339842686971110e+02
1.748000000000000000e+03 3.897537622431224236e+02
1.749000000000000000e+03 3.894568782899724511e+02
1.750000000000000000e+03 3.891455829917129563e+02
1.751000000000000000e+03 3.888184086371542207e+02
1.752000000000000000e+03 3.884761083265813113e+02
1.753000000000000000e+03 3.881186881896963428e+02
1.754000000000000000e+03 3.877454085677140938e+02
1.755000000000000000e+03 3.873562696782454964e+02
1.756000000000000000e+03 3.869520116115543260e+02
1.757000000000000000e+03 3.865318858232044477e+02
1.758000000000000000e+03 3.860958836383637163e+02
1.759000000000000000e+03 3.856439934175521671e+02
1.760000000000000000e+03 3.851769433940190197e+02
1.761000000000000000e+03 3.846939731726292848e+02
1.762000000000000000e+03 3.841950622405358331e+02
1.763000000000000000e+03 3.836809299744356849e+02
1.764000000000000000e+03 3.831508071444256416e+02
1.765000000000000000e+03 3.826061500997484472e+02
1.766000000000000000e+03 3.820461837709589190e+02
1.767000000000000000e+03 3.814708730240398040e+02
1.768000000000000000e+03 3.808809226761142668e+02
1.769000000000000000e+03 3.802762918427964109e+02
1.770000000000000000e+03 3.796569367922919582e+02
1.771000000000000000e+03 3.790228109661305780e+02
1.772000000000000000e+03 3.783738650015310441e+02
1.773000000000000000e+03 3.777107895903945405e+02
1.774000000000000000e+03 3.770327869997674384e+02
1.775000000000000000e+03 3.763412852740359540e+02
1.776000000000000000e+03 3.756347384183070517e+02
1.777000000000000000e+03 3.749145691086049510e+02
1.778000000000000000e+03 3.741807117131060068e+02
1.779000000000000000e+03 3.734323551598818653e+02
1.780000000000000000e+03 3.726709143109915772e+02
1.781000000000000000e+03 3.718955729875380030e+02
1.782000000000000000e+03 3.711069981811486969e+02
1.783000000000000000e+03 3.703051115863392511e+02
1.784000000000000000e+03 3.694905753090198459e+02
1.785000000000000000e+03 3.686625634008223642e+02
1.786000000000000000e+03 3.678224760745075628e+02
1.787000000000000000e+03 3.669702255699302782e+02
1.788000000000000000e+03 3.661049790308938441e+02
1.789000000000000000e+03 3.652281298877516065e+02
1.790000000000000000e+03 3.643395837253856371e+02
1.791000000000000000e+03 3.634385011618751378e+02
1.792000000000000000e+03 3.625262692327115701e+02
1.793000000000000000e+03 3.616027872602028879e+02
1.794000000000000000e+03 3.606672097333808438e+02
1.795000000000000000e+03 3.597209176932813648e+02
1.796000000000000000e+03 3.587630617682219167e+02
1.797000000000000000e+03 3.577950192295748479e+02
1.798000000000000000e+03 3.568159370273950799e+02
1.799000000000000000e+03 3.558271888464602739e+02
1.800000000000000000e+03 3.548279181420866735e+02
1.801000000000000000e+03 3.538194971660021224e+02
1.802000000000000000e+03 3.528018187463806044e+02
1.803000000000000000e+03 3.517747760947877964e+02
1.804000000000000000e+03 3.507390037174987469e+02
1.805000000000000000e+03 3.496951346264413019e+02
1.806000000000000000e+03 3.486430575500951932e+02
1.807000000000000000e+03 3.475826598143927413e+02
1.808000000000000000e+03 3.465145702235717522e+02
1.809000000000000000e+03 3.454386734359082425e+02
1.810000000000000000e+03 3.443555956795133284e+02
1.811000000000000000e+03 3.432652191280045599e+02
1.812000000000000000e+03 3.421681676162666577e+02
1.813000000000000000e+03 3.410643210161196635e+02
1.814000000000000000e+03 3.399543009521135559e+02
1.815000000000000000e+03 3.388387280122990433e+02
1.816000000000000000e+03 3.377174789590713999e+02
1.817000000000000000e+03 3.365911724451889313e+02
1.818000000000000000e+03 3.354596833898200998e+02
1.819000000000000000e+03 3.343236286948429665e+02
1.820000000000000000e+03 3.331828816212279207e+02
1.821000000000000000e+03 3.320380575057304213e+02
1.822000000000000000e+03 3.308897709727448841e+02
1.823000000000000000e+03 3.297371503113963627e+02
1.824000000000000000e+03 3.285808088630700468e+02
1.825000000000000000e+03 3.274221022341253615e+02
1.826000000000000000e+03 3.262601570038660839e+02
1.827000000000000000e+03 3.250955849480840243e+02
1.828000000000000000e+03 3.239289974177916633e+02
1.829000000000000000e+03 3.227610053883815908e+02
1.830000000000000000e+03 3.215907338391203325e+02
1.831000000000000000e+03 3.204202788132324713e+02
1.832000000000000000e+03 3.192487647880261079e+02
1.833000000000000000e+03 3.180768017357579538e+02
1.834000000000000000e+03 3.169042566696539325e+02
1.835000000000000000e+03 3.157317393654271882e+02
1.836000000000000000e+03 3.145598595780763276e+02
1.837000000000000000e+03 3.133877414239946688e+02
1.838000000000000000e+03 3.122167376085671435e+02
1.839000000000000000e+03 3.110459724687770517e+02
1.840000000000000000e+03 3.098767990363644458e+02
1.841000000000000000e+03 3.087090849159259278e+02
1.842000000000000000e+03 3.075426980083665285e+02
1.843000000000000000e+03 3.063789922344832348e+02
1.844000000000000000e+03 3.052170934134604749e+02
1.845000000000000000e+03 3.040576134916515798e+02
1.846000000000000000e+03 3.029011649261673256e+02
1.847000000000000000e+03 3.017483607384441484e+02
1.848000000000000000e+03 3.005975860626053873e+02
1.849000000000000000e+03 2.994509408789103873e+02
1.850000000000000000e+03 2.983075545515276872e+02
1.851000000000000000e+03 2.971680460754164983e+02
1.852000000000000000e+03 2.960330480107242579e+02
1.853000000000000000e+03 2.949017113124751290e+02
1.854000000000000000e+03 2.937754163730230630e+02
1.855000000000000000e+03 2.926540588977377411e+02
1.856000000000000000e+03 2.915382784602650190e+02
1.857000000000000000e+03 2.904272300469526726e+02
1.858000000000000000e+03 2.893222982807325820e+02
1.859000000000000000e+03 2.882226404589259801e+02
1.860000000000000000e+03 2.871303864455193207e+02
1.861000000000000000e+03 2.860432103671072355e+02
1.862000000000000000e+03 2.849632446784285662e+02
1.863000000000000000e+03 2.838903946913752634e+02
1.864000000000000000e+03 2.828245671232559175e+02
1.865000000000000000e+03 2.817656701388999636e+02
1.866000000000000000e+03 2.807136133916422409e+02
1.867000000000000000e+03 2.796697937332079960e+02
1.868000000000000000e+03 2.786341239122688762e+02
1.869000000000000000e+03 2.776057754469238148e+02
1.870000000000000000e+03 2.765861500010353211e+02
1.871000000000000000e+03 2.755751652441063584e+02
1.872000000000000000e+03 2.745719977200631092e+02
1.873000000000000000e+03 2.735780542198622811e+02
1.874000000000000000e+03 2.725925148025949625e+02
1.875000000000000000e+03 2.716167898356408159e+02
1.876000000000000000e+03 2.706500630132771335e+02
1.877000000000000000e+03 2.696930055593272755e+02
1.878000000000000000e+03 2.687455477483872528e+02
1.879000000000000000e+03 2.678076217659463509e+02
1.880000000000000000e+03 2.668791617322956995e+02
1.881000000000000000e+03 2.659615893953236991e+02
1.882000000000000000e+03 2.650540999769957011e+02
1.883000000000000000e+03 2.641566335339466036e+02
1.884000000000000000e+03 2.632691321418650432e+02
1.885000000000000000e+03 2.623922827488736402e+02
1.886000000000000000e+03 2.615267743578386330e+02
1.887000000000000000e+03 2.606710695376407898e+02
1.888000000000000000e+03 2.598266042837415171e+02
1.889000000000000000e+03 2.589925881874773381e+02
1.890000000000000000e+03 2.581697186247679383e+02
1.891000000000000000e+03 2.573579522637697323e+02
1.892000000000000000e+03 2.565579907468347187e+02
1.893000000000000000e+03 2.557690521965546964e+02
1.894000000000000000e+03 2.549910997311991991e+02
1.895000000000000000e+03 2.542248414743501144e+02
1.896000000000000000e+03 2.534702448937858890e+02
1.897000000000000000e+03 2.527272796447678900e+02
1.898000000000000000e+03 2.519959175776515110e+02
1.899000000000000000e+03 2.512761327448695283e+02
1.900000000000000000e+03 2.505686442423316294e+02
1.901000000000000000e+03 2.498719458073985891e+02
1.902000000000000000e+03 2.491875084661336643e+02
1.903000000000000000e+03 2.485145778958979577e+02
1.904000000000000000e+03 2.478538876722687121e+02
1.905000000000000000e+03 2.472046879324734334e+02
1.906000000000000000e+03 2.465677167184759355e+02
1.907000000000000000e+03 2.459422286393166530e+02
1.908000000000000000e+03 2.453282233780796844e+02
1.909000000000000000e+03 2.447271885282557093e+02
1.910000000000000000e+03 2.441376425843718323e+02
1.911000000000000000e+03 2.435595919523498480e+02
1.912000000000000000e+03 2.429937881141098330e+02
1.913000000000000000e+03 2.424394991215281152e+02
1.914000000000000000e+03 2.418967380999344812e+02
1.915000000000000000e+03 2.413662632459067368e+02
1.916000000000000000e+03 2.408473493193428112e+02
1.917000000000000000e+03 2.403400161450160510e+02
1.918000000000000000e+03 2.398442857733413689e+02
1.919000000000000000e+03 2.393609253104814343e+02
1.920000000000000000e+03 2.388884755725938192e+02
1.921000000000000000e+03 2.384277080895709560e+02
1.922000000000000000e+03 2.379786537577506635e+02
1.923000000000000000e+03 2.375406028319231098e+02
1.924000000000000000e+03 2.371150762566102514e+02
1.925000000000000000e+03 2.366998829761971024e+02
1.926000000000000000e+03 2.362958054396169416e+02
1.927000000000000000e+03 2.359036282488192455e+02
1.928000000000000000e+03 2.355219096413511295e+02
1.929000000000000000e+03 2.351514384872343442e+02
1.930000000000000000e+03 2.347922629346440715e+02
1.931000000000000000e+03 2.344436903947260760e+02
1.932000000000000000e+03 2.341050303604623082e+02
1.933000000000000000e+03 2.337778228945988701e+02
1.934000000000000000e+03 2.334606387663259000e+02
1.935000000000000000e+03 2.331542792773027486e+02
1.936000000000000000e+03 2.328580620663716729e+02
1.937000000000000000e+03 2.325720495934575922e+02
1.938000000000000000e+03 2.322963062823525320e+02
1.939000000000000000e+03 2.320301556624853845e+02
1.940000000000000000e+03 2.317736660147568557e+02
1.941000000000000000e+03 2.315269075112929329e+02
1.942000000000000000e+03 2.312899521892271650e+02
1.943000000000000000e+03 2.310628739234955447e+02
1.944000000000000000e+03 2.308442627286053153e+02
1.945000000000000000e+03 2.306349389046192186e+02
1.946000000000000000e+03 2.304349816669689801e+02
1.947000000000000000e+03 2.302437291154427612e+02
1.948000000000000000e+03 2.300612638723154362e+02
1.949000000000000000e+03 2.298869273794934713e+02
1.950000000000000000e+03 2.297208055348970674e+02
1.951000000000000000e+03 2.295637264676115308e+02
1.952000000000000000e+03 2.294142825914363755e+02
1.953000000000000000e+03 2.292725513149410119e+02
1.954000000000000000e+03 2.291386115248984652e+02
1.955000000000000000e+03 2.290125435486985168e+02
1.956000000000000000e+03 2.288936862810357979e+02
1.957000000000000000e+03 2.287821228150061756e+02
1.958000000000000000e+03 2.286779375674903463e+02
1.959000000000000000e+03 2.285804734039330413e+02
1.960000000000000000e+03 2.284898172676226977e+02
1.961000000000000000e+03 2.284060573033557660e+02
1.962000000000000000e+03 2.283277971455653415e+02
1.963000000000000000e+03 2.282566128861748211e+02
1.964000000000000000e+03 2.281911103516551407e+02
1.965000000000000000e+03 2.281306392349958685e+02
1.966000000000000000e+03 2.280767787222202685e+02
1.967000000000000000e+03 2.280281376033273375e+02
1.968000000000000000e+03 2.279840684032164972e+02
1.969000000000000000e+03 2.279461530072520361e+02
1.970000000000000000e+03 2.279122599363229824e+02
1.971000000000000000e+03 2.278832298171039099e+02
1.972000000000000000e+03 2.278591611617718229e+02
1.973000000000000000e+03 2.278386674876602456e+02
1.974000000000000000e+03 2.278225914469277598e+02
1.975000000000000000e+03 2.278110334408978588e+02
1.976000000000000000e+03 2.278026087393965895e+02
1.977000000000000000e+03 2.277974187751682393e+02
1.978000000000000000e+03 2.277955654281207956e+02
1.979000000000000000e+03 2.277964081446049533e+02
1.980000000000000000e+03 2.278007923968287969e+02
1.981000000000000000e+03 2.278073354621349154e+02
1.982000000000000000e+03 2.278168833876425197e+02
1.983000000000000000e+03 2.278287967697310705e+02
1.984000000000000000e+03 2.278424363788412847e+02
1.985000000000000000e+03 2.278586487844452222e+02
1.986000000000000000e+03 2.278760521350358488e+02
1.987000000000000000e+03 2.278954931236125390e+02
1.988000000000000000e+03 2.279163327681366980e+02
1.989000000000000000e+03 2.279379320374336260e+02
1.990000000000000000e+03 2.279611374773904231e+02
1.991000000000000000e+03 2.279853098273236753e+02
1.992000000000000000e+03 2.280098096468425979e+02
1.993000000000000000e+03 2.280339972730303373e+02
1.994000000000000000e+03 2.280594612830926735e+02
1.995000000000000000e+03 2.280840757721466332e+02
1.996000000000000000e+03 2.281094286618983062e+02
1.997000000000000000e+03 2.281341361443041933e+02
1.998000000000000000e+03 2.281575568160661476e+02
1.999000000000000000e+03 2.281812773085525805e+02
2.000000000000000000e+03 2.282031695679933989e+02
2.001000000000000000e+03 2.282248178677197643e+02
2.002000000000000000e+03 2.282448293575941136e+02
2.003000000000000000e+03 2.282632949330809424e+02
2.004000000000000000e+03 2.282803048268169448e+02
2.005000000000000000e+03 2.282959485718955648e+02
2.006000000000000000e+03 2.283095721307523149e+02
2.007000000000000000e+03 2.283205206947392014e+02
2.008000000000000000e+03 2.283296243193761654e+02
2.009000000000000000e+03 2.283362265501154980e+02
2.010000000000000000e+03 2.283404128939522764e+02
2.011000000000000000e+03 2.283415251165917255e+02
2.012000000000000000e+03 2.283396468804024835e+02
2.013000000000000000e+03 2.283341180429634107e+02
2.014000000000000000e+03 2.283257631314311880e+02
2.015000000000000000e+03 2.283139199724326147e+02
2.016000000000000000e+03 2.282979253328064715e+02
2.017000000000000000e+03 2.282793433960695211e+02
2.018000000000000000e+03 2.282560230543061550e+02
2.019000000000000000e+03 2.282295262312012198e+02
2.020000000000000000e+03 2.281984423402884090e+02
2.021000000000000000e+03 2.281635881042818426e+02
2.022000000000000000e+03 2.281250361898100323e+02
2.023000000000000000e+03 2.280813723478920281e+02
2.024000000000000000e+03 2.280334095652245310e+02
2.025000000000000000e+03 2.279812167008910251e+02
2.026000000000000000e+03 2.279233756287846973e+02
2.027000000000000000e+03 2.278606953908071091e+02
2.028000000000000000e+03 2.277932408354556060e+02
2.029000000000000000e+03 2.277203325971109962e+02
2.030000000000000000e+03 2.276420327459638600e+02
2.031000000000000000e+03 2.275591447684637387e+02
2.032000000000000000e+03 2.274702422082312978e+02
2.033000000000000000e+03 2.273753828227416705e+02
2.034000000000000000e+03 2.272753657303936734e+02
2.035000000000000000e+03 2.271695028880514258e+02
2.036000000000000000e+03 2.270578475792472375e+02
2.037000000000000000e+03 2.269397087277585570e+02
2.038000000000000000e+03 2.268158793867996792e+02
2.039000000000000000e+03 2.266856653835194493e+02
2.040000000000000000e+03 2.265491138091453820e+02
2.041000000000000000e+03 2.264055273344693830e+02
2.042000000000000000e+03 2.262556927009187291e+02
2.043000000000000000e+03 2.260996522019328836e+02
2.044000000000000000e+03 2.259367036698704965e+02
2.045000000000000000e+03 2.257676289684447397e+02
2.046000000000000000e+03 2.255917226404380358e+02
2.047000000000000000e+03 2.254082775660250206e+02
2.048000000000000000e+03 2.252188134565821258e+02
2.049000000000000000e+03 2.250226198337409471e+02
2.050000000000000000e+03 2.248197273591685814e+02
2.051000000000000000e+03 2.246094212401321784e+02
2.052000000000000000e+03 2.243924669815843629e+02
2.053000000000000000e+03 2.241681417808939614e+02
2.054000000000000000e+03 2.239364639391755816e+02
2.055000000000000000e+03 2.236974500185092154e+02
2.056000000000000000e+03 2.234518576697706465e+02
2.057000000000000000e+03 2.231982142859153839e+02
2.058000000000000000e+03 2.229380168411369993e+02
2.059000000000000000e+03 2.226697892052696943e+02
2.060000000000000000e+03 2.223950248192329013e+02
2.061000000000000000e+03 2.221122440107392038e+02
2.062000000000000000e+03 2.218229366710885131e+02
2.063000000000000000e+03 2.215256195722721770e+02
2.064000000000000000e+03 2.212210362101826604e+02
2.065000000000000000e+03 2.209099282983293335e+02
2.066000000000000000e+03 2.205908072623298608e+02
2.067000000000000000e+03 2.202644112504254963e+02
2.068000000000000000e+03 2.199314766295901507e+02
2.069000000000000000e+03 2.195905094824781827e+02
2.070000000000000000e+03 2.192429854554791575e+02
2.071000000000000000e+03 2.188881499172964311e+02
2.072000000000000000e+03 2.185252464686649034e+02
2.073000000000000000e+03 2.181557454529714732e+02
2.074000000000000000e+03 2.177788869525635675e+02
2.075000000000000000e+03 2.173953949712569056e+02
2.076000000000000000e+03 2.170037632675222881e+02
2.077000000000000000e+03 2.166054552089078413e+02
2.078000000000000000e+03 2.161997039370462801e+02
2.079000000000000000e+03 2.157872265538991883e+02
2.080000000000000000e+03 2.153679956287326718e+02
2.081000000000000000e+03 2.149419820461199038e+02
2.082000000000000000e+03 2.145091550198349921e+02
2.083000000000000000e+03 2.140694821076527603e+02
2.084000000000000000e+03 2.136229292270402311e+02
2.085000000000000000e+03 2.131709463417703319e+02
2.086000000000000000e+03 2.127112676341664894e+02
2.087000000000000000e+03 2.122453398736019494e+02
2.088000000000000000e+03 2.117738654254073651e+02
2.089000000000000000e+03 2.112953166006562071e+02
2.090000000000000000e+03 2.108103926869019062e+02
2.091000000000000000e+03 2.103190486293812853e+02
2.092000000000000000e+03 2.098212378880301685e+02
2.093000000000000000e+03 2.093176552951477163e+02
2.094000000000000000e+03 2.088082514085996593e+02
2.095000000000000000e+03 2.082922325356476563e+02
2.096000000000000000e+03 2.077710320974155422e+02
2.097000000000000000e+03 2.072438536436036998e+02
2.098000000000000000e+03 2.067106422179110439e+02
2.099000000000000000e+03 2.061720843837745463e+02
2.100000000000000000e+03 2.056273797454117016e+02
2.101000000000000000e+03 2.050772128977386899e+02
2.102000000000000000e+03 2.045215266981393256e+02
2.103000000000000000e+03 2.039602633784121792e+02
2.104000000000000000e+03 2.033933639886420508e+02
2.105000000000000000e+03 2.028215112596457459e+02
2.106000000000000000e+03 2.022439011254695345e+02
2.107000000000000000e+03 2.016619569262039704e+02
2.108000000000000000e+03 2.010741295905863808e+02
2.109000000000000000e+03 2.004825831790609243e+02
2.110000000000000000e+03 1.998857665613948029e+02
2.111000000000000000e+03 1.992850989597765761e+02
2.112000000000000000e+03 1.986797701314987705e+02
2.113000000000000000e+03 1.980704545719072200e+02
2.114000000000000000e+03 1.974563402020739318e+02
2.115000000000000000e+03 1.968388425716308916e+02
2.116000000000000000e+03 1.962171478762536765e+02
2.117000000000000000e+03 1.955919271603364962e+02
2.118000000000000000e+03 1.949623650043540977e+02
2.119000000000000000e+03 1.943298737273572669e+02
2.120000000000000000e+03 1.936928935690775688e+02
2.121000000000000000e+03 1.930535782323445915e+02
2.122000000000000000e+03 1.924103665599444923e+02
2.123000000000000000e+03 1.917639252418545368e+02
2.124000000000000000e+03 1.911156631721619590e+02
2.125000000000000000e+03 1.904632744658293859e+02
2.126000000000000000e+03 1.898089096708464751e+02
2.127000000000000000e+03 1.891517474448315568e+02
2.128000000000000000e+03 1.884924515920261285e+02
2.129000000000000000e+03 1.878309425850750927e+02
2.130000000000000000e+03 1.871663975919106804e+02
2.131000000000000000e+03 1.865002218427852938e+02
2.132000000000000000e+03 1.858315916471229912e+02
2.133000000000000000e+03 1.851611685957338125e+02
2.134000000000000000e+03 1.844888710829369813e+02
2.135000000000000000e+03 1.838153600039358651e+02
2.136000000000000000e+03 1.831405531122393597e+02
2.137000000000000000e+03 1.824636250472972847e+02
2.138000000000000000e+03 1.817859787024154343e+02
2.139000000000000000e+03 1.811075310776413971e+02
2.140000000000000000e+03 1.804281989780334072e+02
2.141000000000000000e+03 1.797478990420998457e+02
2.142000000000000000e+03 1.790672906054922748e+02
2.143000000000000000e+03 1.783855472248355625e+02
2.144000000000000000e+03 1.777040708819983479e+02
2.145000000000000000e+03 1.770220350033317231e+02
2.146000000000000000e+03 1.763393558294005459e+02
2.147000000000000000e+03 1.756566924448528937e+02
2.148000000000000000e+03 1.749739611384725606e+02
2.149000000000000000e+03 1.742918211035546392e+02
2.150000000000000000e+03 1.736094459633673353e+02
2.151000000000000000e+03 1.729274968210414158e+02
2.152000000000000000e+03 1.722458988225754695e+02
2.153000000000000000e+03 1.715653218207850159e+02
2.154000000000000000e+03 1.708849502223733623e+02
2.155000000000000000e+03 1.702061971943670073e+02
2.156000000000000000e+03 1.695275048503297910e+02
2.157000000000000000e+03 1.688502869620012348e+02
2.158000000000000000e+03 1.681744719805992361e+02
2.159000000000000000e+03 1.674992459032789611e+02
2.160000000000000000e+03 1.668260236446097053e+02
2.161000000000000000e+03 1.661539920577071712e+02
2.162000000000000000e+03 1.654838241405066412e+02
2.163000000000000000e+03 1.648154505616612084e+02
2.164000000000000000e+03 1.641488025263240900e+02
2.165000000000000000e+03 1.634838118066481343e+02
2.166000000000000000e+03 1.628211536070106149e+02
2.167000000000000000e+03 1.621607609238215275e+02
2.168000000000000000e+03 1.615025674100238859e+02
2.169000000000000000e+03 1.608465074041451999e+02
2.170000000000000000e+03 1.601932587939102746e+02
2.171000000000000000e+03 1.595420145392520226e+02
2.172000000000000000e+03 1.588941968749821854e+02
2.173000000000000000e+03 1.582490003276122366e+02
2.174000000000000000e+03 1.576071059168406805e+02
2.175000000000000000e+03 1.569684526762000019e+02
2.176000000000000000e+03 1.563329805131345154e+02
2.177000000000000000e+03 1.557006302333571455e+02
2.178000000000000000e+03 1.550713435644865115e+02
2.179000000000000000e+03 1.544458060139682800e+02
2.180000000000000000e+03 1.538239612211618237e+02
2.181000000000000000e+03 1.532050109787032568e+02
2.182000000000000000e+03 1.525903865931813641e+02
2.183000000000000000e+03 1.519792918947686360e+02
2.184000000000000000e+03 1.513724174313253172e+02
2.185000000000000000e+03 1.507689691464746602e+02
2.186000000000000000e+03 1.501696397370737373e+02
2.187000000000000000e+03 1.495751229997341056e+02
2.188000000000000000e+03 1.489838853415217557e+02
2.189000000000000000e+03 1.483973656401224162e+02
2.190000000000000000e+03 1.478155182479063399e+02
2.191000000000000000e+03 1.472375558404085609e+02
2.192000000000000000e+03 1.466641779341146901e+02
2.193000000000000000e+03 1.460953423933712827e+02
2.194000000000000000e+03 1.455302654416655344e+02
2.195000000000000000e+03 1.449703930123215514e+02
2.196000000000000000e+03 1.444156865833117820e+02
2.197000000000000000e+03 1.438653660215822185e+02
2.198000000000000000e+03 1.433193952617932041e+02
2.199000000000000000e+03 1.427784823144253608e+02
2.200000000000000000e+03 1.422425936032784364e+02
2.201000000000000000e+03 1.417116974912399030e+02
2.202000000000000000e+03 1.411857663379763039e+02
2.203000000000000000e+03 1.406647744547892103e+02
2.204000000000000000e+03 1.401494402614952435e+02
2.205000000000000000e+03 1.396389977865030971e+02
2.206000000000000000e+03 1.391334251766357113e+02
2.207000000000000000e+03 1.386334447014935449e+02
2.208000000000000000e+03 1.381382942523799215e+02
2.209000000000000000e+03 1.376486986860571449e+02
2.210000000000000000e+03 1.371646413229995289e+02
2.211000000000000000e+03 1.366853639504093678e+02
2.212000000000000000e+03 1.362115953300066167e+02
2.213000000000000000e+03 1.357433226953788221e+02
2.214000000000000000e+03 1.352805345891489992e+02
2.215000000000000000e+03 1.348224780298160965e+02
2.216000000000000000e+03 1.343706298534469568e+02
2.217000000000000000e+03 1.339242397048446094e+02
2.218000000000000000e+03 1.334833013786915501e+02
2.219000000000000000e+03 1.330470671502631603e+02
2.220000000000000000e+03 1.326170191160048830e+02
2.221000000000000000e+03 1.321924121835641870e+02
2.222000000000000000e+03 1.317732454117663110e+02
2.223000000000000000e+03 1.313602620101706577e+02
2.224000000000000000e+03 1.309519779981933141e+02
2.225000000000000000e+03 1.305498820491534389e+02
2.226000000000000000e+03 1.301524928085764827e+02
2.227000000000000000e+03 1.297613015725091543e+02
2.228000000000000000e+03 1.293755724400513145e+02
2.229000000000000000e+03 1.289945708157080162e+02
2.230000000000000000e+03 1.286197919112911734e+02
2.231000000000000000e+03 1.282505037321221550e+02
2.232000000000000000e+03 1.278867184129895804e+02
2.233000000000000000e+03 1.275277065434395070e+02
2.234000000000000000e+03 1.271749685026766628e+02
2.235000000000000000e+03 1.268270346086308251e+02
2.236000000000000000e+03 1.264854077918183322e+02
2.237000000000000000e+03 1.261486209082046770e+02
2.238000000000000000e+03 1.258174365768262390e+02
2.239000000000000000e+03 1.254911329964792515e+02
2.240000000000000000e+03 1.251712181120129941e+02
2.241000000000000000e+03 1.248554869246390382e+02
2.242000000000000000e+03 1.245454498320225980e+02
2.243000000000000000e+03 1.242411327722719250e+02
2.244000000000000000e+03 1.239418200474468108e+02
2.245000000000000000e+03 1.236475399814074052e+02
2.246000000000000000e+03 1.233583220719037428e+02
2.247000000000000000e+03 1.230741969770080857e+02
2.248000000000000000e+03 1.227951965008707873e+02
2.249000000000000000e+03 1.225213535788072079e+02
2.250000000000000000e+03 1.222527022617265828e+02
2.251000000000000000e+03 1.219892772669851979e+02
2.252000000000000000e+03 1.217303698277242745e+02
2.253000000000000000e+03 1.214760146442577451e+02
2.254000000000000000e+03 1.212269902989587962e+02
2.255000000000000000e+03 1.209818478975501534e+02
2.256000000000000000e+03 1.207421108951287465e+02
2.257000000000000000e+03 1.205070752313273204e+02
2.258000000000000000e+03 1.202767806502678809e+02
2.259000000000000000e+03 1.200505250099121213e+02
2.260000000000000000e+03 1.198290927661170997e+02
2.261000000000000000e+03 1.196125264461538933e+02
2.262000000000000000e+03 1.194001266269494010e+02
2.263000000000000000e+03 1.191911947480361533e+02
2.264000000000000000e+03 1.189872615942714305e+02
2.265000000000000000e+03 1.187876302630855179e+02
2.266000000000000000e+03 1.185923474817716539e+02
2.267000000000000000e+03 1.184007179144512207e+02
2.268000000000000000e+03 1.182127898090018050e+02
2.269000000000000000e+03 1.180293549738294701e+02
2.270000000000000000e+03 1.178497202494965421e+02
2.271000000000000000e+03 1.176739359904593556e+02
2.272000000000000000e+03 1.175020532066986050e+02
2.273000000000000000e+03 1.173341235403945859e+02
2.274000000000000000e+03 1.171694564076258303e+02
2.275000000000000000e+03 1.170081046452151838e+02
2.276000000000000000e+03 1.168508644876218199e+02
2.277000000000000000e+03 1.166963042038498912e+02
2.278000000000000000e+03 1.165452210847416836e+02
2.279000000000000000e+03 1.163976700801715651e+02
2.280000000000000000e+03 1.162537066115288127e+02
2.281000000000000000e+03 1.161126437143248893e+02
2.282000000000000000e+03 1.159745376860587243e+02
2.283000000000000000e+03 1.158387023941700988e+02
2.284000000000000000e+03 1.157066805943343866e+02
2.285000000000000000e+03 1.155770440636745633e+02
2.286000000000000000e+03 1.154505934245124905e+02
2.287000000000000000e+03 1.153266439480070744e+02
2.288000000000000000e+03 1.152052540381709633e+02
2.289000000000000000e+03 1.150864823759591502e+02
2.290000000000000000e+03 1.149703878985430663e+02
2.291000000000000000e+03 1.148562869437088523e+02
2.292000000000000000e+03 1.147449817344906506e+02
2.293000000000000000e+03 1.146357890187501312e+02
2.294000000000000000e+03 1.145287685540353095e+02
2.295000000000000000e+03 1.144239802524276826e+02
2.296000000000000000e+03 1.143207413254599487e+02
2.297000000000000000e+03 1.142198547691865826e+02
2.298000000000000000e+03 1.141206380041144541e+02
2.299000000000000000e+03 1.140238941953506924e+02
2.300000000000000000e+03 1.139281980575250088e+02
2.301000000000000000e+03 1.138343518077213190e+02
2.302000000000000000e+03 1.137424106936286989e+02
2.303000000000000000e+03 1.136509432502104602e+02
2.304000000000000000e+03 1.135622321620139417e+02
2.305000000000000000e+03 1.134741030577066141e+02
2.306000000000000000e+03 1.133873528400516477e+02
2.307000000000000000e+03 1.133020354904138571e+02
2.308000000000000000e+03 1.132174620482890361e+02
2.309000000000000000e+03 1.131336862607764431e+02
2.310000000000000000e+03 1.130515045618916616e+02
2.311000000000000000e+03 1.129702275466949288e+02
2.312000000000000000e+03 1.128891656204357474e+02
2.313000000000000000e+03 1.128091146475940150e+02
2.314000000000000000e+03 1.127301274256986545e+02
2.315000000000000000e+03 1.126515136641335602e+02
2.316000000000000000e+03 1.125733256329168768e+02
2.317000000000000000e+03 1.124956153063427990e+02
2.318000000000000000e+03 1.124184343416024348e+02
2.319000000000000000e+03 1.123410912223516931e+02
2.320000000000000000e+03 1.122643797423727392e+02
2.321000000000000000e+03 1.121876076440754275e+02
2.322000000000000000e+03 1.121108251022147755e+02
2.323000000000000000e+03 1.120348247025993658e+02
2.324000000000000000e+03 1.119581700807940621e+02
2.325000000000000000e+03 1.118816529111963547e+02
2.326000000000000000e+03 1.118045787109905831e+02
2.327000000000000000e+03 1.117277381595123416e+02
2.328000000000000000e+03 1.116504357376289391e+02
2.329000000000000000e+03 1.115734610475682729e+02
2.330000000000000000e+03 1.114953746178038756e+02
2.331000000000000000e+03 1.114169648935282737e+02
2.332000000000000000e+03 1.113382768772215741e+02
2.333000000000000000e+03 1.112593549447222330e+02
2.334000000000000000e+03 1.111794999916557884e+02
2.335000000000000000e+03 1.110987550853759984e+02
2.336000000000000000e+03 1.110171626122975965e+02
2.337000000000000000e+03 1.109355070957725786e+02
2.338000000000000000e+03 1.108523438393609553e+02
2.339000000000000000e+03 1.107684559208943824e+02
2.340000000000000000e+03 1.106838828368551759e+02
2.341000000000000000e+03 1.105979204874397794e+02
2.342000000000000000e+03 1.105113496673001379e+02
2.343000000000000000e+03 1.104234647117271635e+02
2.344000000000000000e+03 1.103343019886398224e+02
2.345000000000000000e+03 1.102438970511144305e+02
2.346000000000000000e+03 1.101530274606122646e+02
2.347000000000000000e+03 1.100602414357349801e+02
2.348000000000000000e+03 1.099663148518857412e+02
2.349000000000000000e+03 1.098705370563101553e+02
2.350000000000000000e+03 1.097736821990146581e+02
2.351000000000000000e+03 1.096757801000011909e+02
2.352000000000000000e+03 1.095761143839041551e+02
2.353000000000000000e+03 1.094747100002413589e+02
2.354000000000000000e+03 1.093715910008943837e+02
2.355000000000000000e+03 1.092675233690857510e+02
2.356000000000000000e+03 1.091610436738166356e+02
2.357000000000000000e+03 1.090536589101468792e+02
2.358000000000000000e+03 1.089439038146479817e+02
2.359000000000000000e+03 1.088332835417821371e+02
2.360000000000000000e+03 1.087203309803856968e+02
2.361000000000000000e+03 1.086058065960081080e+02
2.362000000000000000e+03 1.084889842534073523e+02
2.363000000000000000e+03 1.083706225547023649e+02
2.364000000000000000e+03 1.082499934977321345e+02
2.365000000000000000e+03 1.081278538149963140e+02
2.366000000000000000e+03 1.080042164677779652e+02
2.367000000000000000e+03 1.078776078106479588e+02
2.368000000000000000e+03 1.077495246014526487e+02
2.369000000000000000e+03 1.076199769912862223e+02
2.370000000000000000e+03 1.074874885248753174e+02
2.371000000000000000e+03 1.073535531513550296e+02
2.372000000000000000e+03 1.072174353799414206e+02
2.373000000000000000e+03 1.070798844561069529e+02
2.374000000000000000e+03 1.069394201876924484e+02
2.375000000000000000e+03 1.067975327914906813e+02
2.376000000000000000e+03 1.066534830496382682e+02
2.377000000000000000e+03 1.065065308164051174e+02
2.378000000000000000e+03 1.063581635251222650e+02
2.379000000000000000e+03 1.062076391800162867e+02
2.380000000000000000e+03 1.060557005334451901e+02
2.381000000000000000e+03 1.059008609130087279e+02
2.382000000000000000e+03 1.057438612340568653e+02
2.383000000000000000e+03 1.055846986620737908e+02
2.384000000000000000e+03 1.054233694503152492e+02
2.385000000000000000e+03 1.052606117775807064e+02
2.386000000000000000e+03 1.050949344110019865e+02
2.387000000000000000e+03 1.049270737192335901e+02
2.388000000000000000e+03 1.047577651705797450e+02
2.389000000000000000e+03 1.045862576663214298e+02
2.390000000000000000e+03 1.044117992143320350e+02
2.391000000000000000e+03 1.042358654379214471e+02
2.392000000000000000e+03 1.040584454047003788e+02
2.393000000000000000e+03 1.038780416308063650e+02
2.394000000000000000e+03 1.036961270955341661e+02
2.395000000000000000e+03 1.035119454009143141e+02
2.396000000000000000e+03 1.033262249518824092e+02
2.397000000000000000e+03 1.031382076215331551e+02
2.398000000000000000e+03 1.029478772618775508e+02
2.399000000000000000e+03 1.027559597098705240e+02
2.400000000000000000e+03 1.025616942887277503e+02
2.401000000000000000e+03 1.023650625372408598e+02
2.402000000000000000e+03 1.021675317043771543e+02
2.403000000000000000e+03 1.019668542592754790e+02
2.404000000000000000e+03 1.017652388670544497e+02
2.405000000000000000e+03 1.015611792119756416e+02
2.406000000000000000e+03 1.013553966865282234e+02
2.407000000000000000e+03 1.011478690606688389e+02
2.408000000000000000e+03 1.009378304916235862e+02
2.409000000000000000e+03 1.007267428742572974e+02
2.410000000000000000e+03 1.005130960066376957e+02
2.411000000000000000e+03 1.002983502814458632e+02
2.412000000000000000e+03 1.000809940174567885e+02
2.413000000000000000e+03 9.986248615188641509e+01
2.414000000000000000e+03 9.964205640782516582e+01
2.415000000000000000e+03 9.941967664740029420e+01
2.416000000000000000e+03 9.919606088528284715e+01
2.417000000000000000e+03 9.897043679755159928e+01
2.418000000000000000e+03 9.874351707615176110e+01
2.419000000000000000e+03 9.851452810355691270e+01
2.420000000000000000e+03 9.828492414304224667e+01
2.421000000000000000e+03 9.805318750902526403e+01
2.422000000000000000e+03 9.782002842810341292e+01
2.423000000000000000e+03 9.758615655016639323e+01
2.424000000000000000e+03 9.735005245981055566e+01
2.425000000000000000e+03 9.711316753828053550e+01
2.426000000000000000e+03 9.687472413531341431e+01
2.427000000000000000e+03 9.663468692648410752e+01
2.428000000000000000e+03 9.639376293065046752e+01
2.429000000000000000e+03 9.615191585752170056e+01
2.430000000000000000e+03 9.590836612542206296e+01
2.431000000000000000e+03 9.566381938424879650e+01
2.432000000000000000e+03 9.541823802837132007e+01
2.433000000000000000e+03 9.517158404969589469e+01
2.434000000000000000e+03 9.492456189076926876e+01
2.435000000000000000e+03 9.467564712277091132e+01
2.436000000000000000e+03 9.442628630876959051e+01
2.437000000000000000e+03 9.417569717659560524e+01
2.438000000000000000e+03 9.392458281195644076e+01
2.439000000000000000e+03 9.367216033624973193e+01
2.440000000000000000e+03 9.341913226447886132e+01
2.441000000000000000e+03 9.316545801787829362e+01
2.442000000000000000e+03 9.291109677650686649e+01
2.443000000000000000e+03 9.265526466164429564e+01
2.444000000000000000e+03 9.239940609315286224e+01
2.445000000000000000e+03 9.214347963144275866e+01
2.446000000000000000e+03 9.188595799438172662e+01
2.447000000000000000e+03 9.162902791919131573e+01
2.448000000000000000e+03 9.137116182872333070e+01
2.449000000000000000e+03 9.111231769296337291e+01
2.450000000000000000e+03 9.085393904515784413e+01
2.451000000000000000e+03 9.059449869167414704e+01
2.452000000000000000e+03 9.033544352017953827e+01
2.453000000000000000e+03 9.007524972271366437e+01
2.454000000000000000e+03 8.981536478713606186e+01
2.455000000000000000e+03 8.955500766709424454e+01
2.456000000000000000e+03 8.929488297210866676e+01
2.457000000000000000e+03 8.903495247728288575e+01
2.458000000000000000e+03 8.877443513792158569e+01
2.459000000000000000e+03 8.851329277404134643e+01
2.460000000000000000e+03 8.825297291970881020e+01
2.461000000000000000e+03 8.799269466209179313e+01
2.462000000000000000e+03 8.773167716058399890e+01
2.463000000000000000e+03 8.747211100083970337e+01
2.464000000000000000e+03 8.721172985835367797e+01
2.465000000000000000e+03 8.695198169747362726e+01
2.466000000000000000e+03 8.669208610485399902e+01
2.467000000000000000e+03 8.643274847816303463e+01
2.468000000000000000e+03 8.617393153452702848e+01
2.469000000000000000e+03 8.591559815902058972e+01
2.470000000000000000e+03 8.565696858306169759e+01
2.471000000000000000e+03 8.539949173789345593e+01
2.472000000000000000e+03 8.514238825778399189e+01
2.473000000000000000e+03 8.488562183344944856e+01
2.474000000000000000e+03 8.462915639032905801e+01
2.475000000000000000e+03 8.437369893689029254e+01
2.476000000000000000e+03 8.411847107281492697e+01
2.477000000000000000e+03 8.386418034234134211e+01
2.478000000000000000e+03 8.361079174241152145e+01
2.479000000000000000e+03 8.335827057089495895e+01
2.480000000000000000e+03 8.310583960473530851e+01
2.481000000000000000e+03 8.285495045318901930e+01
2.482000000000000000e+03 8.260482656077411434e+01
2.483000000000000000e+03 8.235543456042074695e+01
2.484000000000000000e+03 8.210674145143909186e+01
2.485000000000000000e+03 8.185945744746857144e+01
2.486000000000000000e+03 8.161355031927189430e+01
2.487000000000000000e+03 8.136824540748538936e+01
2.488000000000000000e+03 8.112425414033776860e+01
2.489000000000000000e+03 8.088080270607147781e+01
2.490000000000000000e+03 8.063860340542720451e+01
2.491000000000000000e+03 8.039836899382490287e+01
2.492000000000000000e+03 8.015858418835034627e+01
2.493000000000000000e+03 7.991996268977995044e+01
2.494000000000000000e+03 7.968284727166498271e+01
2.495000000000000000e+03 7.944691265777210276e+01
2.496000000000000000e+03 7.921235406933696765e+01
2.497000000000000000e+03 7.897907011749522610e+01
2.498000000000000000e+03 7.874718279848808322e+01
2.499000000000000000e+03 7.851659180304794461e+01
2.500000000000000000e+03 7.828742022751157492e+01
2.501000000000000000e+03 7.805964364373059539e+01
2.502000000000000000e+03 7.783331439195485757e+01
2.503000000000000000e+03 7.760841159000567302e+01
2.504000000000000000e+03 7.738498923138628527e+01
2.505000000000000000e+03 7.716310191015961095e+01
2.506000000000000000e+03 7.694265626194521701e+01
2.507000000000000000e+03 7.672385667254989983e+01
2.508000000000000000e+03 7.650661101716902124e+01
2.509000000000000000e+03 7.629090208472001677e+01
2.510000000000000000e+03 7.607686186776048487e+01
2.511000000000000000e+03 7.586447443448494710e+01
2.512000000000000000e+03 7.565379878482805509e+01
2.513000000000000000e+03 7.544467172163803070e+01
2.514000000000000000e+03 7.523730212346862345e+01
2.515000000000000000e+03 7.503167668092098097e+01
2.516000000000000000e+03 7.482770846760351446e+01
2.517000000000000000e+03 7.462545979419112996e+01
2.518000000000000000e+03 7.442491936107175832e+01
2.519000000000000000e+03 7.422615082811390153e+01
2.520000000000000000e+03 7.402914425003987731e+01
2.521000000000000000e+03 7.383389036193050003e+01
2.522000000000000000e+03 7.364045486436252475e+01
2.523000000000000000e+03 7.344875557417866219e+01
2.524000000000000000e+03 7.325885955942786154e+01
2.525000000000000000e+03 7.307083457295397011e+01
2.526000000000000000e+03 7.288460048565917759e+01
2.527000000000000000e+03 7.270015213696602530e+01
2.528000000000000000e+03 7.251763361797200957e+01
2.529000000000000000e+03 7.233689256979623394e+01
2.530000000000000000e+03 7.215800016717953724e+01
2.531000000000000000e+03 7.198095398328975136e+01
2.532000000000000000e+03 7.180575227178307784e+01
2.533000000000000000e+03 7.163239396511825419e+01
2.534000000000000000e+03 7.146095295613804410e+01
2.535000000000000000e+03 7.129128096191418251e+01
2.536000000000000000e+03 7.112345322240190626e+01
2.537000000000000000e+03 7.095754564736589032e+01
2.538000000000000000e+03 7.079341196310822681e+01
2.539000000000000000e+03 7.063112941052837357e+01
2.540000000000000000e+03 7.047070160797387928e+01
2.541000000000000000e+03 7.031213283142608361e+01
2.542000000000000000e+03 7.015535372750734666e+01
2.543000000000000000e+03 7.000051844383213506e+01
2.544000000000000000e+03 6.984748464066538531e+01
2.545000000000000000e+03 6.969625918794984898e+01
2.546000000000000000e+03 6.954692387765560113e+01
2.547000000000000000e+03 6.939941256896344157e+01
2.548000000000000000e+03 6.925365975080134717e+01
2.549000000000000000e+03 6.910974910421995787e+01
2.550000000000000000e+03 6.896761636359146053e+01
2.551000000000000000e+03 6.882727207330029273e+01
2.552000000000000000e+03 6.868872703253383349e+01
2.553000000000000000e+03 6.855191827307685060e+01
2.554000000000000000e+03 6.841685770971737668e+01
2.555000000000000000e+03 6.828355785110764486e+01
2.556000000000000000e+03 6.815188322694351086e+01
2.557000000000000000e+03 6.802207036648334793e+01
2.558000000000000000e+03 6.789383639033222551e+01
2.559000000000000000e+03 6.776734468959786284e+01
2.560000000000000000e+03 6.764261065129907990e+01
2.561000000000000000e+03 6.751942736809301948e+01
2.562000000000000000e+03 6.739795989932292741e+01
2.563000000000000000e+03 6.727807671231816755e+01
2.564000000000000000e+03 6.715979537602358107e+01
2.565000000000000000e+03 6.704305970289581751e+01
2.566000000000000000e+03 6.692788830810060574e+01
2.567000000000000000e+03 6.681430031798834079e+01
2.568000000000000000e+03 6.670224107835603888e+01
2.569000000000000000e+03 6.659173071300281777e+01
2.570000000000000000e+03 6.648264126455930523e+01
2.571000000000000000e+03 6.637514238662799926e+01
2.572000000000000000e+03 6.626903278317618629e+01
2.573000000000000000e+03 6.616440875076723671e+01
2.574000000000000000e+03 6.606129275155373648e+01
2.575000000000000000e+03 6.595948483657952011e+01
2.576000000000000000e+03 6.585915690391279043e+01
2.577000000000000000e+03 6.576010985354692195e+01
2.578000000000000000e+03 6.566244212866722307e+01
2.579000000000000000e+03 6.556610400420596818e+01
2.580000000000000000e+03 6.547104614325159844e+01
2.581000000000000000e+03 6.537721958629414587e+01
2.582000000000000000e+03 6.528465002382452553e+01
2.583000000000000000e+03 6.519336350178819828e+01
2.584000000000000000e+03 6.510323784340637587e+01
2.585000000000000000e+03 6.501429977189133069e+01
2.586000000000000000e+03 6.492650204853393348e+01
2.587000000000000000e+03 6.483979774470141422e+01
2.588000000000000000e+03 6.475428879724741194e+01
2.589000000000000000e+03 6.466985457932609904e+01
2.590000000000000000e+03 6.458637473915706551e+01
2.591000000000000000e+03 6.450402632223442367e+01
2.592000000000000000e+03 6.442261520795534580e+01
2.593000000000000000e+03 6.434217036575249438e+01
2.594000000000000000e+03 6.426272099267023918e+01
2.595000000000000000e+03 6.418414793442393318e+01
2.596000000000000000e+03 6.410648080746334188e+01
2.597000000000000000e+03 6.402967513651626064e+01
2.598000000000000000e+03 6.395368662614763622e+01
2.599000000000000000e+03 6.387854543233157756e+01
2.600000000000000000e+03 6.380420758353515964e+01
2.601000000000000000e+03 6.373070306552932607e+01
2.602000000000000000e+03 6.365783726459802239e+01
2.603000000000000000e+03 6.358578663466726510e+01
2.604000000000000000e+03 6.351435632081218330e+01
2.605000000000000000e+03 6.344364869904674009e+01
2.606000000000000000e+03 6.337346909661844307e+01
2.607000000000000000e+03 6.330392004839296050e+01
2.608000000000000000e+03 6.323495558425637597e+01
2.609000000000000000e+03 6.316652978459042345e+01
2.610000000000000000e+03 6.309859676879774781e+01
2.611000000000000000e+03 6.303118496738479593e+01
2.612000000000000000e+03 6.296417426009051610e+01
2.613000000000000000e+03 6.289759309858762748e+01
2.614000000000000000e+03 6.283139564472185157e+01
2.615000000000000000e+03 6.276561032631795456e+01
2.616000000000000000e+03 6.270019125902986445e+01
2.617000000000000000e+03 6.263501823524867262e+01
2.618000000000000000e+03 6.257019384707308518e+01
2.619000000000000000e+03 6.250559777430633090e+01
2.620000000000000000e+03 6.244133247453399349e+01
2.621000000000000000e+03 6.237720318771988559e+01
2.622000000000000000e+03 6.231331219338940741e+01
2.623000000000000000e+03 6.224953881532596967e+01
2.624000000000000000e+03 6.218598511185045652e+01
2.625000000000000000e+03 6.212245588061964696e+01
2.626000000000000000e+03 6.205905291601511919e+01
2.627000000000000000e+03 6.199572929755137096e+01
2.628000000000000000e+03 6.193236366285817951e+01
2.629000000000000000e+03 6.186905733123023055e+01
2.630000000000000000e+03 6.180561430871157569e+01
2.631000000000000000e+03 6.174220982928729740e+01
2.632000000000000000e+03 6.167872179310089109e+01
2.633000000000000000e+03 6.161517645728589798e+01
2.634000000000000000e+03 6.155145129185400066e+01
2.635000000000000000e+03 6.148772067069624114e+01
2.636000000000000000e+03 6.142378731014188986e+01
2.637000000000000000e+03 6.135975081066361270e+01
2.638000000000000000e+03 6.129548766265277493e+01
2.639000000000000000e+03 6.123109693784474672e+01
2.640000000000000000e+03 6.116638029533783794e+01
2.641000000000000000e+03 6.110151052378728309e+01
2.642000000000000000e+03 6.103628869719546657e+01
2.643000000000000000e+03 6.097081271740297126e+01
2.644000000000000000e+03 6.090495732070188240e+01
2.645000000000000000e+03 6.083874548665110638e+01
2.646000000000000000e+03 6.077219986255516915e+01
2.647000000000000000e+03 6.070534275513875144e+01
2.648000000000000000e+03 6.063797327191281283e+01
2.649000000000000000e+03 6.057026158127693805e+01
2.650000000000000000e+03 6.050208035329564638e+01
2.651000000000000000e+03 6.043352435068464246e+01
2.652000000000000000e+03 6.036438927888484329e+01
2.653000000000000000e+03 6.029476720524331768e+01
2.654000000000000000e+03 6.022460123729543113e+01
2.655000000000000000e+03 6.015390836676643005e+01
2.656000000000000000e+03 6.008263089631730480e+01
2.657000000000000000e+03 6.001071071705981552e+01
2.658000000000000000e+03 5.993816358633606711e+01
2.659000000000000000e+03 5.986500483876107381e+01
2.660000000000000000e+03 5.979117509753410786e+01
2.661000000000000000e+03 5.971676312003114617e+01
2.662000000000000000e+03 5.964163437564712922e+01
2.663000000000000000e+03 5.956587674243554886e+01
2.664000000000000000e+03 5.948950336899092406e+01
2.665000000000000000e+03 5.941237838710362240e+01
2.666000000000000000e+03 5.933451404218939729e+01
2.667000000000000000e+03 5.925599640646331778e+01
2.668000000000000000e+03 5.917676252536182346e+01
2.669000000000000000e+03 5.909674898172288238e+01
2.670000000000000000e+03 5.901596617670449518e+01
2.671000000000000000e+03 5.893442404393082512e+01
2.672000000000000000e+03 5.885213204736610493e+01
2.673000000000000000e+03 5.876902489590316492e+01
2.674000000000000000e+03 5.868511110866833036e+01
2.675000000000000000e+03 5.860039873001807820e+01
2.676000000000000000e+03 5.851489532822920125e+01
2.677000000000000000e+03 5.842853371086793146e+01
2.678000000000000000e+03 5.834139477434079879e+01
2.679000000000000000e+03 5.825348465259362740e+01
2.680000000000000000e+03 5.816466043296929200e+01
2.681000000000000000e+03 5.807507585672774297e+01
2.682000000000000000e+03 5.798458705066745722e+01
2.683000000000000000e+03 5.789319822790968573e+01
2.684000000000000000e+03 5.780098740428606163e+01
2.685000000000000000e+03 5.770788354783412188e+01
2.686000000000000000e+03 5.761388942941494662e+01
2.687000000000000000e+03 5.751908162292384219e+01
2.688000000000000000e+03 5.742331337158741889e+01
2.689000000000000000e+03 5.732673457287965846e+01
2.690000000000000000e+03 5.722927179449170154e+01
2.691000000000000000e+03 5.713099969241709886e+01
2.692000000000000000e+03 5.703184387759936413e+01
2.693000000000000000e+03 5.693180376718082414e+01
2.694000000000000000e+03 5.683095258532813432e+01
2.695000000000000000e+03 5.672921451363589540e+01
2.696000000000000000e+03 5.662658754263306804e+01
2.697000000000000000e+03 5.652314347287313723e+01
2.698000000000000000e+03 5.641880506561174258e+01
2.699000000000000000e+03 5.631364317810192688e+01
2.700000000000000000e+03 5.620750534747293159e+01
2.701000000000000000e+03 5.610061007572970482e+01
2.702000000000000000e+03 5.599272975927662799e+01
2.703000000000000000e+03 5.588408204627004494e+01
2.704000000000000000e+03 5.577451270450075782e+01
2.705000000000000000e+03 5.566408989144503039e+01
2.706000000000000000e+03 5.555273273893596553e+01
2.707000000000000000e+03 5.544058277302356430e+01
2.708000000000000000e+03 5.532755821547921471e+01
2.709000000000000000e+03 5.521372540400967210e+01
2.710000000000000000e+03 5.509900166114066877e+01
2.711000000000000000e+03 5.498345243132030191e+01
2.712000000000000000e+03 5.486714271721806568e+01
2.713000000000000000e+03 5.474991423273954894e+01
2.714000000000000000e+03 5.463197967479515427e+01
2.715000000000000000e+03 5.451317989225797334e+01
2.716000000000000000e+03 5.439357815820791586e+01
2.717000000000000000e+03 5.427316304039255357e+01
2.718000000000000000e+03 5.415192268945295950e+01
2.719000000000000000e+03 5.402991912740607461e+01
2.720000000000000000e+03 5.390706540237656696e+01
2.721000000000000000e+03 5.378342272810843383e+01
2.722000000000000000e+03 5.365905192272392554e+01
2.723000000000000000e+03 5.353393913124819647e+01
2.724000000000000000e+03 5.340814439890208831e+01
2.725000000000000000e+03 5.328157882714135951e+01
2.726000000000000000e+03 5.315437599797031964e+01
2.727000000000000000e+03 5.302652056347980647e+01
2.728000000000000000e+03 5.289799682014574955e+01
2.729000000000000000e+03 5.276886299986010442e+01
2.730000000000000000e+03 5.263910271068132118e+01
2.731000000000000000e+03 5.250869922830765546e+01
2.732000000000000000e+03 5.237770978775645148e+01
2.733000000000000000e+03 5.224611702472822827e+01
2.734000000000000000e+03 5.211390326765840797e+01
2.735000000000000000e+03 5.198112482993427363e+01
2.736000000000000000e+03 5.184776345175562540e+01
2.737000000000000000e+03 5.171387487614058642e+01
2.738000000000000000e+03 5.157944029104026384e+01
2.739000000000000000e+03 5.144451490556597406e+01
2.740000000000000000e+03 5.130907939229222592e+01
2.741000000000000000e+03 5.117318846363721008e+01
2.742000000000000000e+03 5.103674803078241240e+01
2.743000000000000000e+03 5.089988663064506369e+01
2.744000000000000000e+03 5.076258401784208729e+01
2.745000000000000000e+03 5.062481974117103789e+01
2.746000000000000000e+03 5.048664743657074894e+01
2.747000000000000000e+03 5.034804626954133511e+01
2.748000000000000000e+03 5.020899522802285730e+01
2.749000000000000000e+03 5.006954741521005303e+01
2.750000000000000000e+03 4.992975577528478226e+01
2.751000000000000000e+03 4.978952483828679476e+01
2.752000000000000000e+03 4.964905733836452839e+01
2.753000000000000000e+03 4.950825904648969811e+01
2.754000000000000000e+03 4.936710989404377159e+01
2.755000000000000000e+03 4.922573826499489513e+01
2.756000000000000000e+03 4.908412387042340441e+01
2.757000000000000000e+03 4.894232060742098156e+01
2.758000000000000000e+03 4.880023371682594302e+01
2.759000000000000000e+03 4.865791692532437196e+01
2.760000000000000000e+03 4.851542388638346637e+01
2.761000000000000000e+03 4.837273390453304955e+01
2.762000000000000000e+03 4.822982622650048512e+01
2.763000000000000000e+03 4.808682861569781153e+01
2.764000000000000000e+03 4.794364594204531471e+01
2.765000000000000000e+03 4.780033160667884573e+01
2.766000000000000000e+03 4.765693898200480305e+01
2.767000000000000000e+03 4.751344713512950335e+01
2.768000000000000000e+03 4.736990940167671482e+01
2.769000000000000000e+03 4.722630482548478881e+01
2.770000000000000000e+03 4.708268673221274980e+01
2.771000000000000000e+03 4.693903416884726454e+01
2.772000000000000000e+03 4.679540047714021966e+01
2.773000000000000000e+03 4.665176473296950377e+01
2.774000000000000000e+03 4.650818031965452803e+01
2.775000000000000000e+03 4.636462636721886810e+01
2.776000000000000000e+03 4.622108204212930360e+01
2.777000000000000000e+03 4.607760083701620601e+01
2.778000000000000000e+03 4.593431057688461294e+01
2.779000000000000000e+03 4.579104200781735301e+01
2.780000000000000000e+03 4.564792307122648651e+01
2.781000000000000000e+03 4.550500749259825284e+01
2.782000000000000000e+03 4.536227478778677380e+01
2.783000000000000000e+03 4.521970455285475055e+01
2.784000000000000000e+03 4.507742503746982266e+01
2.785000000000000000e+03 4.493534173384291819e+01
2.786000000000000000e+03 4.479343451725512182e+01
2.787000000000000000e+03 4.465190621964959661e+01
2.788000000000000000e+03 4.451058836827209575e+01
2.789000000000000000e+03 4.436953546042763463e+01
2.790000000000000000e+03 4.422880211978554854e+01
2.791000000000000000e+03 4.408844310326857396e+01
2.792000000000000000e+03 4.394836474100999624e+01
2.793000000000000000e+03 4.380862207739625802e+01
2.794000000000000000e+03 4.366927031116004088e+01
2.795000000000000000e+03 4.353029051903480706e+01
2.796000000000000000e+03 4.339173822996816909e+01
2.797000000000000000e+03 4.325352058186537363e+01
2.798000000000000000e+03 4.311569346288273863e+01
2.799000000000000000e+03 4.297838723522932014e+01
2.800000000000000000e+03 4.284143532496752727e+01
2.801000000000000000e+03 4.270496878941679597e+01
2.802000000000000000e+03 4.256904578315727150e+01
2.803000000000000000e+03 4.243350212205221084e+01
2.804000000000000000e+03 4.229847098289426555e+01
2.805000000000000000e+03 4.216401149303110429e+01
2.806000000000000000e+03 4.202996017041544974e+01
2.807000000000000000e+03 4.189652519857978774e+01
2.808000000000000000e+03 4.176361788195134750e+01
2.809000000000000000e+03 4.163122407006750336e+01
2.810000000000000000e+03 4.149940416412687227e+01
2.811000000000000000e+03 4.136807027286489102e+01
2.812000000000000000e+03 4.123743191976670630e+01
2.813000000000000000e+03 4.110732749754210857e+01
2.814000000000000000e+03 4.097781854192731288e+01
2.815000000000000000e+03 4.084896688672889553e+01
2.816000000000000000e+03 4.072068610212674855e+01
2.817000000000000000e+03 4.059311291723842174e+01
2.818000000000000000e+03 4.046616152388877907e+01
2.819000000000000000e+03 4.033996928213213806e+01
2.820000000000000000e+03 4.021437673995585982e+01
2.821000000000000000e+03 4.008944762172524889e+01
2.822000000000000000e+03 3.996524598130403660e+01
2.823000000000000000e+03 3.984168763837331539e+01
2.824000000000000000e+03 3.971891159896091494e+01
2.825000000000000000e+03 3.959676007363263750e+01
2.826000000000000000e+03 3.947537274791228867e+01
2.827000000000000000e+03 3.935474108336040899e+01
2.828000000000000000e+03 3.923478260286690755e+01
2.829000000000000000e+03 3.911556374264985436e+01
2.830000000000000000e+03 3.899707700294662516e+01
2.831000000000000000e+03 3.887938951593241654e+01
2.832000000000000000e+03 3.876249447935234826e+01
2.833000000000000000e+03 3.864631115689223861e+01
2.834000000000000000e+03 3.853090772880194947e+01
2.835000000000000000e+03 3.841627844126075075e+01
2.836000000000000000e+03 3.830249217302584697e+01
2.837000000000000000e+03 3.818946958435270744e+01
2.838000000000000000e+03 3.807720596672965740e+01
2.839000000000000000e+03 3.796577124191967556e+01
2.840000000000000000e+03 3.785508711032483120e+01
2.841000000000000000e+03 3.774522418371474686e+01
2.842000000000000000e+03 3.763617913330023157e+01
2.843000000000000000e+03 3.752802325519833460e+01
2.844000000000000000e+03 3.742060533477734907e+01
2.845000000000000000e+03 3.731407162944050526e+01
2.846000000000000000e+03 3.720827159879848978e+01
2.847000000000000000e+03 3.710342645432606190e+01
2.848000000000000000e+03 3.699938632242700010e+01
2.849000000000000000e+03 3.689615022701087810e+01
2.850000000000000000e+03 3.679371752052967537e+01
2.851000000000000000e+03 3.669216220796533179e+01
2.852000000000000000e+03 3.659148450521447415e+01
2.853000000000000000e+03 3.649161070979240407e+01
2.854000000000000000e+03 3.639254172346473126e+01
2.855000000000000000e+03 3.629435305035248405e+01
2.856000000000000000e+03 3.619697194456504974e+01
2.857000000000000000e+03 3.610047454238939224e+01
2.858000000000000000e+03 3.600478872650118944e+01
2.859000000000000000e+03 3.590991697473682365e+01
2.860000000000000000e+03 3.581593635840101797e+01
2.861000000000000000e+03 3.572277569010884690e+01
2.862000000000000000e+03 3.563043837268163827e+01
2.863000000000000000e+03 3.553892811406776531e+01
2.864000000000000000e+03 3.544824892579534747e+01
2.865000000000000000e+03 3.535840512144744707e+01
2.866000000000000000e+03 3.526932703164973049e+01
2.867000000000000000e+03 3.518116813657663755e+01
2.868000000000000000e+03 3.509378507992595786e+01
2.869000000000000000e+03 3.500718336841124767e+01
2.870000000000000000e+03 3.492144308671070974e+01
2.871000000000000000e+03 3.483642176186986461e+01
2.872000000000000000e+03 3.475227434618112454e+01
2.873000000000000000e+03 3.466893323096390134e+01
2.874000000000000000e+03 3.458640537879504251e+01
2.875000000000000000e+03 3.450462375463330034e+01
2.876000000000000000e+03 3.442367017435185517e+01
2.877000000000000000e+03 3.434347816863616032e+01
2.878000000000000000e+03 3.426405583126805254e+01
2.879000000000000000e+03 3.418541153325730164e+01
2.880000000000000000e+03 3.410755392031981614e+01
2.881000000000000000e+03 3.403049191018929065e+01
2.882000000000000000e+03 3.395408612274664506e+01
2.883000000000000000e+03 3.387849457798220243e+01
2.884000000000000000e+03 3.380365270822930057e+01
2.885000000000000000e+03 3.372949620521950465e+01
2.886000000000000000e+03 3.365610958342515602e+01
2.887000000000000000e+03 3.358342904217117564e+01
2.888000000000000000e+03 3.351146531204523882e+01
2.889000000000000000e+03 3.344015508357293243e+01
2.890000000000000000e+03 3.336965813668462744e+01
2.891000000000000000e+03 3.329976306792884344e+01
2.892000000000000000e+03 3.323063012050886300e+01
2.893000000000000000e+03 3.316212262755286133e+01
2.894000000000000000e+03 3.309432699120937826e+01
2.895000000000000000e+03 3.302725554300671007e+01
2.896000000000000000e+03 3.296077225451772108e+01
2.897000000000000000e+03 3.289496414884656161e+01
2.898000000000000000e+03 3.282984416040887510e+01
2.899000000000000000e+03 3.276527684504676330e+01
2.900000000000000000e+03 3.270142407450002509e+01
2.901000000000000000e+03 3.263815057477149395e+01
2.902000000000000000e+03 3.257546905954783512e+01
2.903000000000000000e+03 3.251339221701618243e+01
2.904000000000000000e+03 3.245193288973609214e+01
2.905000000000000000e+03 3.239110406750002369e+01
2.906000000000000000e+03 3.233077031311641747e+01
2.907000000000000000e+03 3.227101917265417086e+01
2.908000000000000000e+03 3.221186403412610844e+01
2.909000000000000000e+03 3.215324412015959865e+01
2.910000000000000000e+03 3.209517304766727364e+01
2.911000000000000000e+03 3.203766453702125006e+01
2.912000000000000000e+03 3.198065812125479823e+01
2.913000000000000000e+03 3.192416770581508700e+01
2.914000000000000000e+03 3.186820727786675889e+01
2.915000000000000000e+03 3.181271661566902509e+01
2.916000000000000000e+03 3.175763556504470841e+01
2.917000000000000000e+03 3.170312688295437908e+01
2.918000000000000000e+03 3.164905624615765234e+01
2.919000000000000000e+03 3.159543794552988771e+01
2.920000000000000000e+03 3.154228631249188552e+01
2.921000000000000000e+03 3.148954142908355180e+01
2.922000000000000000e+03 3.143721768869421851e+01
2.923000000000000000e+03 3.138532950644029285e+01
2.924000000000000000e+03 3.133381702970342886e+01
2.925000000000000000e+03 3.128269469933917080e+01
2.926000000000000000e+03 3.123205124404702104e+01
2.927000000000000000e+03 3.118167825739443799e+01
2.928000000000000000e+03 3.113173874404229480e+01
2.929000000000000000e+03 3.108209856309005303e+01
2.930000000000000000e+03 3.103284640762302971e+01
2.931000000000000000e+03 3.098392238238729135e+01
2.932000000000000000e+03 3.093526656613506987e+01
2.933000000000000000e+03 3.088696757411646843e+01
2.934000000000000000e+03 3.083903970319828147e+01
2.935000000000000000e+03 3.079134864411909334e+01
2.936000000000000000e+03 3.074390861137952768e+01
2.937000000000000000e+03 3.069680805573301541e+01
2.938000000000000000e+03 3.064998680977454271e+01
2.939000000000000000e+03 3.060338465113454376e+01
2.940000000000000000e+03 3.055708986575412212e+01
2.941000000000000000e+03 3.051096782671341501e+01
2.942000000000000000e+03 3.046510669164648277e+01
2.943000000000000000e+03 3.041952026517912699e+01
2.944000000000000000e+03 3.037407371191089567e+01
2.945000000000000000e+03 3.032885497043778145e+01
2.946000000000000000e+03 3.028387761586776961e+01
2.947000000000000000e+03 3.023900657284833215e+01
2.948000000000000000e+03 3.019440381310726451e+01
2.949000000000000000e+03 3.014993408394435903e+01
2.950000000000000000e+03 3.010561060573599335e+01
2.951000000000000000e+03 3.006144629269927293e+01
2.952000000000000000e+03 3.001737883973968479e+01
2.953000000000000000e+03 2.997349419541425775e+01
2.954000000000000000e+03 2.992980391645015104e+01
2.955000000000000000e+03 2.988609659702471077e+01
2.956000000000000000e+03 2.984260641652005575e+01
2.957000000000000000e+03 2.979912173367061001e+01
2.958000000000000000e+03 2.975572791771103454e+01
2.959000000000000000e+03 2.971243592693231861e+01
2.960000000000000000e+03 2.966918230469867268e+01
2.961000000000000000e+03 2.962597774241982762e+01
2.962000000000000000e+03 2.958290707547320864e+01
2.963000000000000000e+03 2.953975786157371886e+01
2.964000000000000000e+03 2.949676321164653814e+01
2.965000000000000000e+03 2.945371038361844640e+01
2.966000000000000000e+03 2.941075789674692231e+01
2.967000000000000000e+03 2.936776697588930318e+01
2.968000000000000000e+03 2.932474724830787949e+01
2.969000000000000000e+03 2.928178245596679119e+01
2.970000000000000000e+03 2.923880760084359309e+01
2.971000000000000000e+03 2.919583179128624906e+01
2.972000000000000000e+03 2.915278967090014106e+01
2.973000000000000000e+03 2.910968998149870401e+01
2.974000000000000000e+03 2.906661555911501438e+01
2.975000000000000000e+03 2.902350047958357493e+01
2.976000000000000000e+03 2.898035290522685159e+01
2.977000000000000000e+03 2.893710651413064028e+01
2.978000000000000000e+03 2.889376906354251773e+01
2.979000000000000000e+03 2.885042238638959944e+01
2.980000000000000000e+03 2.880699953742378483e+01
2.981000000000000000e+03 2.876350764052721942e+01
2.982000000000000000e+03 2.871995360216265780e+01
2.983000000000000000e+03 2.867626982498817156e+01
2.984000000000000000e+03 2.863253705565367113e+01
2.985000000000000000e+03 2.858868724825963525e+01
2.986000000000000000e+03 2.854480069602235304e+01
2.987000000000000000e+03 2.850073461160831911e+01
2.988000000000000000e+03 2.845664310969531385e+01
2.989000000000000000e+03 2.841238293719624508e+01
2.990000000000000000e+03 2.836795917272109335e+01
2.991000000000000000e+03 2.832345094172607958e+01
2.992000000000000000e+03 2.827886284836561970e+01
2.993000000000000000e+03 2.823412497455449000e+01
2.994000000000000000e+03 2.818916716273611556e+01
2.995000000000000000e+03 2.814414186585721112e+01
2.996000000000000000e+03 2.809897844601804806e+01
2.997000000000000000e+03 2.805368030834158333e+01
2.998000000000000000e+03 2.800817633401658924e+01
2.999000000000000000e+03 2.796261801453842466e+01
3.000000000000000000e+03 2.791685946759911374e+01
3.001000000000000000e+03 2.787097736754158106e+01
3.002000000000000000e+03 2.782489936466638980e+01
3.003000000000000000e+03 2.777877566755310212e+01
3.004000000000000000e+03 2.773238483071398264e+01
3.005000000000000000e+03 2.768587659078774621e+01
3.006000000000000000e+03 2.763925188331590732e+01
3.007000000000000000e+03 2.759236284415184315e+01
3.008000000000000000e+03 2.754535851199008434e+01
3.009000000000000000e+03 2.749816484545881323e+01
3.010000000000000000e+03 2.745078185882509914e+01
3.011000000000000000e+03 2.740328362376654781e+01
3.012000000000000000e+03 2.735552113719874612e+01
3.013000000000000000e+03 2.730764230768780365e+01
3.014000000000000000e+03 2.725957197287607059e+01
3.015000000000000000e+03 2.721130903547505397e+01
3.016000000000000000e+03 2.716285218177837280e+01
3.017000000000000000e+03 2.711419988370136025e+01
3.018000000000000000e+03 2.706542468434134108e+01
3.019000000000000000e+03 2.701637606603726027e+01
3.020000000000000000e+03 2.696720043696305424e+01
3.021000000000000000e+03 2.691782114868802722e+01
3.022000000000000000e+03 2.686816134875981277e+01
3.023000000000000000e+03 2.681844111678456954e+01
3.024000000000000000e+03 2.676843463146456514e+01
3.025000000000000000e+03 2.671828729117833490e+01
3.026000000000000000e+03 2.666799573150609248e+01
3.027000000000000000e+03 2.661748211076444193e+01
3.028000000000000000e+03 2.656674267903341047e+01
3.029000000000000000e+03 2.651592206367319093e+01
3.030000000000000000e+03 2.646486757031569326e+01
3.031000000000000000e+03 2.641372345288776913e+01
3.032000000000000000e+03 2.636233664759308581e+01
3.033000000000000000e+03 2.631077675943442529e+01
3.034000000000000000e+03 2.625911321371730978e+01
3.035000000000000000e+03 2.620719240756553603e+01
3.036000000000000000e+03 2.615515769647751299e+01
3.037000000000000000e+03 2.610292941186904159e+01
3.038000000000000000e+03 2.605057628067277875e+01
3.039000000000000000e+03 2.599801829344754722e+01
3.040000000000000000e+03 2.594532384054538809e+01
3.041000000000000000e+03 2.589248686380444298e+01
3.042000000000000000e+03 2.583950114230099615e+01
3.043000000000000000e+03 2.578636029465329926e+01
3.044000000000000000e+03 2.573305778138496080e+01
3.045000000000000000e+03 2.567966119085545884e+01
3.046000000000000000e+03 2.562608939125019347e+01
3.047000000000000000e+03 2.557233538365867176e+01
3.048000000000000000e+03 2.551846630472304156e+01
3.049000000000000000e+03 2.546447486236250413e+01
3.050000000000000000e+03 2.541035362208916482e+01
3.051000000000000000e+03 2.535609511505659341e+01
3.052000000000000000e+03 2.530169215649467418e+01
3.053000000000000000e+03 2.524713753334020794e+01
3.054000000000000000e+03 2.519249818575793753e+01
3.055000000000000000e+03 2.513776664339366107e+01
3.056000000000000000e+03 2.508293531222437878e+01
3.057000000000000000e+03 2.502799647799486848e+01
3.058000000000000000e+03 2.497301659324349643e+01
3.059000000000000000e+03 2.491783914690027757e+01
3.060000000000000000e+03 2.486267893599676526e+01
3.061000000000000000e+03 2.480730495090662302e+01
3.062000000000000000e+03 2.475193178121823223e+01
3.063000000000000000e+03 2.469647678462231255e+01
3.064000000000000000e+03 2.464093150840212942e+01
3.065000000000000000e+03 2.458528740996861117e+01
3.066000000000000000e+03 2.452961014445497767e+01
3.067000000000000000e+03 2.447381671834952499e+01
3.068000000000000000e+03 2.441797262768847787e+01
3.069000000000000000e+03 2.436206901176710460e+01
3.070000000000000000e+03 2.430617122439288380e+01
3.071000000000000000e+03 2.425019598764909645e+01
3.072000000000000000e+03 2.419413424668981705e+01
3.073000000000000000e+03 2.413805117403675737e+01
3.074000000000000000e+03 2.408193760687509766e+01
3.075000000000000000e+03 2.402585861835520475e+01
3.076000000000000000e+03 2.396965638787085595e+01
3.077000000000000000e+03 2.391347018984910378e+01
3.078000000000000000e+03 2.385729069698674820e+01
3.079000000000000000e+03 2.380110855148044635e+01
3.080000000000000000e+03 2.374491436922009058e+01
3.081000000000000000e+03 2.368869874394610875e+01
3.082000000000000000e+03 2.363245225136629557e+01
3.083000000000000000e+03 2.357623973673048567e+01
3.084000000000000000e+03 2.351997746834765479e+01
3.085000000000000000e+03 2.346380455907226192e+01
3.086000000000000000e+03 2.340756298570696003e+01
3.087000000000000000e+03 2.335146614439032930e+01
3.088000000000000000e+03 2.329528173587754836e+01
3.089000000000000000e+03 2.323922317132037207e+01
3.090000000000000000e+03 2.318313245743118500e+01
3.091000000000000000e+03 2.312714875163786488e+01
3.092000000000000000e+03 2.307118838113996162e+01
3.093000000000000000e+03 2.301531626393657959e+01
3.094000000000000000e+03 2.295944877827438191e+01
3.095000000000000000e+03 2.290372518356208786e+01
3.096000000000000000e+03 2.284798763920020548e+01
3.097000000000000000e+03 2.279237547589555746e+01
3.098000000000000000e+03 2.273680521438738111e+01
3.099000000000000000e+03 2.268126770265202552e+01
3.100000000000000000e+03 2.262590240255417129e+01
3.101000000000000000e+03 2.257055183639409179e+01
3.102000000000000000e+03 2.251535629136483152e+01
3.103000000000000000e+03 2.246023340468349971e+01
3.104000000000000000e+03 2.240517515612944877e+01
3.105000000000000000e+03 2.235024787099581189e+01
3.106000000000000000e+03 2.229544365600356315e+01
3.107000000000000000e+03 2.224075468569256131e+01
3.108000000000000000e+03 2.218617320528102255e+01
3.109000000000000000e+03 2.213169153349803153e+01
3.110000000000000000e+03 2.207737634889228318e+01
3.111000000000000000e+03 2.202314584210610349e+01
3.112000000000000000e+03 2.196906685264226056e+01
3.113000000000000000e+03 2.191513202109006286e+01
3.114000000000000000e+03 2.186133407533682060e+01
3.115000000000000000e+03 2.180766583325323182e+01
3.116000000000000000e+03 2.175412020535372548e+01
3.117000000000000000e+03 2.170076448093352539e+01
3.118000000000000000e+03 2.164759176367129356e+01
3.119000000000000000e+03 2.159459525771007904e+01
3.120000000000000000e+03 2.154169398670315161e+01
3.121000000000000000e+03 2.148902993033875930e+01
3.122000000000000000e+03 2.143652232580460293e+01
3.123000000000000000e+03 2.138423908774126048e+01
3.124000000000000000e+03 2.133209967663194107e+01
3.125000000000000000e+03 2.128009795166468976e+01
3.126000000000000000e+03 2.122837645654195171e+01
3.127000000000000000e+03 2.117678072072079587e+01
3.128000000000000000e+03 2.112537924613056717e+01
3.129000000000000000e+03 2.107416637530421966e+01
3.130000000000000000e+03 2.102321086046221055e+01
3.131000000000000000e+03 2.097235873151513985e+01
3.132000000000000000e+03 2.092182756602700522e+01
3.133000000000000000e+03 2.087138937255761917e+01
3.134000000000000000e+03 2.082126199448625314e+01
3.135000000000000000e+03 2.077129199319837838e+01
3.136000000000000000e+03 2.072154891773743302e+01
3.137000000000000000e+03 2.067202817234186796e+01
3.138000000000000000e+03 2.062272530140722537e+01
3.139000000000000000e+03 2.057363599085678629e+01
3.140000000000000000e+03 2.052475606942094899e+01
3.141000000000000000e+03 2.047608150982477326e+01
3.142000000000000000e+03 2.042768271338504604e+01
3.143000000000000000e+03 2.037948166050339793e+01
3.144000000000000000e+03 2.033154904558374554e+01
3.145000000000000000e+03 2.028380714383607852e+01
3.146000000000000000e+03 2.023632694600792803e+01
3.147000000000000000e+03 2.018910530850671847e+01
3.148000000000000000e+03 2.014213923744231849e+01
3.149000000000000000e+03 2.009535160557641120e+01
3.150000000000000000e+03 2.004881400319647611e+01
3.151000000000000000e+03 2.000252394283889501e+01
3.152000000000000000e+03 1.995655359133985129e+01
3.153000000000000000e+03 1.991075247110870450e+01
3.154000000000000000e+03 1.986519310624830936e+01
3.155000000000000000e+03 1.981987388852795817e+01
3.156000000000000000e+03 1.977486764430586064e+01
3.157000000000000000e+03 1.973002450037456157e+01
3.158000000000000000e+03 1.968549186827628006e+01
3.159000000000000000e+03 1.964119445953009446e+01
3.160000000000000000e+03 1.959713141933691460e+01
3.161000000000000000e+03 1.955337632623004041e+01
3.162000000000000000e+03 1.950985434117676220e+01
3.163000000000000000e+03 1.946656505765806244e+01
3.164000000000000000e+03 1.942350821770541103e+01
3.165000000000000000e+03 1.938075799491257101e+01
3.166000000000000000e+03 1.933824014341158914e+01
3.167000000000000000e+03 1.929595484784017145e+01
3.168000000000000000e+03 1.925397672278140959e+01
3.169000000000000000e+03 1.921215767817547260e+01
3.170000000000000000e+03 1.917072118674480308e+01
3.171000000000000000e+03 1.912944516485786650e+01
3.172000000000000000e+03 1.908847909043442215e+01
3.173000000000000000e+03 1.904774973429051599e+01
3.174000000000000000e+03 1.900725829350153262e+01
3.175000000000000000e+03 1.896700610724020564e+01
3.176000000000000000e+03 1.892706893960643555e+01
3.177000000000000000e+03 1.888729984493060243e+01
3.178000000000000000e+03 1.884784915158876828e+01
3.179000000000000000e+03 1.880857019326257529e+01
3.180000000000000000e+03 1.876961357621959436e+01
3.181000000000000000e+03 1.873090719403301918e+01
3.182000000000000000e+03 1.869245336080347286e+01
3.183000000000000000e+03 1.865418024333657243e+01
3.184000000000000000e+03 1.861623899430241735e+01
3.185000000000000000e+03 1.857848376683116953e+01
3.186000000000000000e+03 1.854099169810236702e+01
3.187000000000000000e+03 1.850376577436182401e+01
3.188000000000000000e+03 1.846673482989862691e+01
3.189000000000000000e+03 1.842997639647591512e+01
3.190000000000000000e+03 1.839349385168787165e+01
3.191000000000000000e+03 1.835721641776165924e+01
3.192000000000000000e+03 1.832114772729685370e+01
3.193000000000000000e+03 1.828529153842661259e+01
3.194000000000000000e+03 1.824972601690788565e+01
3.195000000000000000e+03 1.821438088412363854e+01
3.196000000000000000e+03 1.817918598251499418e+01
3.197000000000000000e+03 1.814429412443055156e+01
3.198000000000000000e+03 1.810963538936595896e+01
3.199000000000000000e+03 1.807521425613851562e+01
3.200000000000000000e+03 1.804096103395502482e+01
3.201000000000000000e+03 1.800688036589054875e+01
3.202000000000000000e+03 1.797312532575690724e+01
3.203000000000000000e+03 1.793947761590077050e+01
3.204000000000000000e+03 1.790609046143724825e+01
3.205000000000000000e+03 1.787289433984033948e+01
3.206000000000000000e+03 1.783989411247333834e+01
3.207000000000000000e+03 1.780709473852009594e+01
3.208000000000000000e+03 1.777457555583641735e+01
3.209000000000000000e+03 1.774211886070619570e+01
3.210000000000000000e+03 1.770995274005843712e+01
3.211000000000000000e+03 1.767793395005990931e+01
3.212000000000000000e+03 1.764614218118885702e+01
3.213000000000000000e+03 1.761450863771514008e+01
3.214000000000000000e+03 1.758311316864841700e+01
3.215000000000000000e+03 1.755181284711559542e+01
3.216000000000000000e+03 1.752076195172697837e+01
3.217000000000000000e+03 1.748989197887381408e+01
3.218000000000000000e+03 1.745913449002420492e+01
3.219000000000000000e+03 1.742856967549777991e+01
3.220000000000000000e+03 1.739820350071706656e+01
3.221000000000000000e+03 1.736796770296336234e+01
3.222000000000000000e+03 1.733786835514256452e+01
3.223000000000000000e+03 1.730798586255858140e+01
3.224000000000000000e+03 1.727825210920018506e+01
3.225000000000000000e+03 1.724859902156787328e+01
3.226000000000000000e+03 1.721918141603893204e+01
3.227000000000000000e+03 1.718985701124985610e+01
3.228000000000000000e+03 1.716070640956237270e+01
3.229000000000000000e+03 1.713173596005727362e+01
3.230000000000000000e+03 1.710287775559906365e+01
3.231000000000000000e+03 1.707406391346885854e+01
3.232000000000000000e+03 1.704552370657538773e+01
3.233000000000000000e+03 1.701704072570533910e+01
3.234000000000000000e+03 1.698862142839908529e+01
3.235000000000000000e+03 1.696042085288183543e+01
3.236000000000000000e+03 1.693229691456413732e+01
3.237000000000000000e+03 1.690433038815881517e+01
3.238000000000000000e+03 1.687645348785166277e+01
3.239000000000000000e+03 1.684867271557571300e+01
3.240000000000000000e+03 1.682106885886061320e+01
3.241000000000000000e+03 1.679349985475320750e+01
3.242000000000000000e+03 1.676604648884106297e+01
3.243000000000000000e+03 1.673871525932703719e+01
3.244000000000000000e+03 1.671151265868731173e+01
3.245000000000000000e+03 1.668437088839214510e+01
3.246000000000000000e+03 1.665729642419613654e+01
3.247000000000000000e+03 1.663037001448054752e+01
3.248000000000000000e+03 1.660352382813889349e+01
3.249000000000000000e+03 1.657669002001961545e+01
3.250000000000000000e+03 1.655002357990941775e+01
3.251000000000000000e+03 1.652338224581932025e+01
3.252000000000000000e+03 1.649677190142224958e+01
3.253000000000000000e+03 1.647027259320513437e+01
3.254000000000000000e+03 1.644389006272274401e+01
3.255000000000000000e+03 1.641748146165260991e+01
3.256000000000000000e+03 1.639120105136226258e+01
3.257000000000000000e+03 1.636490593342837485e+01
3.258000000000000000e+03 1.633875031617647977e+01
3.259000000000000000e+03 1.631259124515468173e+01
3.260000000000000000e+03 1.628643430260960656e+01
3.261000000000000000e+03 1.626035932240694493e+01
3.262000000000000000e+03 1.623437182140594004e+01
3.263000000000000000e+03 1.620832871428819288e+01
3.264000000000000000e+03 1.618238401285177730e+01
3.265000000000000000e+03 1.615639455621464649e+01
3.266000000000000000e+03 1.613043999349715918e+01
3.267000000000000000e+03 1.610452564791676622e+01
3.268000000000000000e+03 1.607865679833350470e+01
3.269000000000000000e+03 1.605276439372871167e+01
3.270000000000000000e+03 1.602685361812961773e+01
3.271000000000000000e+03 1.600100388846858479e+01
3.272000000000000000e+03 1.597514600187657052e+01
3.273000000000000000e+03 1.594928498393632310e+01
3.274000000000000000e+03 1.592350008637630587e+01
3.275000000000000000e+03 1.589764765070723662e+01
3.276000000000000000e+03 1.587180680684185319e+01
3.277000000000000000e+03 1.584598233665311540e+01
3.278000000000000000e+03 1.582010467151320299e+01
3.279000000000000000e+03 1.579432702381997800e+01
3.280000000000000000e+03 1.576843111647862195e+01
3.281000000000000000e+03 1.574257001542217438e+01
3.282000000000000000e+03 1.571667385908930825e+01
3.283000000000000000e+03 1.569082127344583988e+01
3.284000000000000000e+03 1.566486795200197690e+01
3.285000000000000000e+03 1.563896663788978003e+01
3.286000000000000000e+03 1.561304713694568669e+01
3.287000000000000000e+03 1.558711344936988219e+01
3.288000000000000000e+03 1.556109520043006711e+01
3.289000000000000000e+03 1.553507048874667440e+01
3.290000000000000000e+03 1.550904303364091064e+01
3.291000000000000000e+03 1.548301645658063208e+01
3.292000000000000000e+03 1.545691999571630859e+01
3.293000000000000000e+03 1.543075707102939731e+01
3.294000000000000000e+03 1.540460528258722128e+01
3.295000000000000000e+03 1.537839355840939959e+01
3.296000000000000000e+03 1.535212500347468279e+01
3.297000000000000000e+03 1.532587689835163403e+01
3.298000000000000000e+03 1.529957784745800708e+01
3.299000000000000000e+03 1.527323062847551682e+01
3.300000000000000000e+03 1.524683790789825366e+01
3.301000000000000000e+03 1.522040219153162788e+01
3.302000000000000000e+03 1.519392567774278113e+01
3.303000000000000000e+03 1.516741040304794375e+01
3.304000000000000000e+03 1.514085829045170506e+01
3.305000000000000000e+03 1.511427114923443504e+01
3.306000000000000000e+03 1.508757639138172379e+01
3.307000000000000000e+03 1.506092416566759695e+01
3.308000000000000000e+03 1.503416737334741526e+01
3.309000000000000000e+03 1.500730736951552302e+01
3.310000000000000000e+03 1.498041968007203728e+01
3.311000000000000000e+03 1.495350543530730292e+01
3.312000000000000000e+03 1.492656565410653791e+01
3.313000000000000000e+03 1.489945267775235038e+01
3.314000000000000000e+03 1.487239015534578179e+01
3.315000000000000000e+03 1.484523020977280439e+01
3.316000000000000000e+03 1.481797342329140221e+01
3.317000000000000000e+03 1.479069455516653520e+01
3.318000000000000000e+03 1.476331969235883612e+01
3.319000000000000000e+03 1.473592338477849495e+01
3.320000000000000000e+03 1.470835722905411203e+01
3.321000000000000000e+03 1.468084413786117359e+01
3.322000000000000000e+03 1.465316122272009913e+01
3.323000000000000000e+03 1.462545691385548707e+01
3.324000000000000000e+03 1.459765669350487904e+01
3.325000000000000000e+03 1.456976023124441610e+01
3.326000000000000000e+03 1.454184138528257009e+01
3.327000000000000000e+03 1.451382535321562983e+01
3.328000000000000000e+03 1.448578580726170806e+01
3.329000000000000000e+03 1.445764776142872066e+01
3.330000000000000000e+03 1.442941042314658517e+01
3.331000000000000000e+03 1.440114719433313262e+01
3.332000000000000000e+03 1.437285710539075900e+01
3.333000000000000000e+03 1.434439053263706221e+01
3.334000000000000000e+03 1.431596918368380855e+01
3.335000000000000000e+03 1.428744326319882774e+01
3.336000000000000000e+03 1.425881145813480444e+01
3.337000000000000000e+03 1.423014665486147301e+01
3.338000000000000000e+03 1.420144737271922786e+01
3.339000000000000000e+03 1.417263776450337787e+01
3.340000000000000000e+03 1.414371618388065421e+01
3.341000000000000000e+03 1.411482946923409187e+01
3.342000000000000000e+03 1.408582724292550559e+01
3.343000000000000000e+03 1.405678189603025885e+01
3.344000000000000000e+03 1.402769145448992205e+01
3.345000000000000000e+03 1.399847957922721875e+01
3.346000000000000000e+03 1.396921841672784659e+01
3.347000000000000000e+03 1.393998003207655856e+01
3.348000000000000000e+03 1.391061355846643188e+01
3.349000000000000000e+03 1.388126518171719859e+01
3.350000000000000000e+03 1.385178387224969221e+01
3.351000000000000000e+03 1.382224139771101967e+01
3.352000000000000000e+03 1.379270955680829580e+01
3.353000000000000000e+03 1.376311152800494497e+01
3.354000000000000000e+03 1.373344469198256412e+01
3.355000000000000000e+03 1.370370634824557143e+01
3.356000000000000000e+03 1.367389371528026309e+01
3.357000000000000000e+03 1.364407821427753120e+01
3.358000000000000000e+03 1.361418261891602910e+01
3.359000000000000000e+03 1.358427818974180390e+01
3.360000000000000000e+03 1.355428754061550833e+01
3.361000000000000000e+03 1.352428177327393932e+01
3.362000000000000000e+03 1.349418334397378949e+01
3.363000000000000000e+03 1.346413748176572689e+01
3.364000000000000000e+03 1.343399220485199486e+01
3.365000000000000000e+03 1.340381830609730685e+01
3.366000000000000000e+03 1.337361222013367978e+01
3.367000000000000000e+03 1.334337030810308455e+01
3.368000000000000000e+03 1.331308885902376815e+01
3.369000000000000000e+03 1.328276409128431013e+01
3.370000000000000000e+03 1.325246643776761069e+01
3.371000000000000000e+03 1.322204341358895086e+01
3.372000000000000000e+03 1.319163960248583578e+01
3.373000000000000000e+03 1.316125095779701404e+01
3.374000000000000000e+03 1.313079908807624463e+01
3.375000000000000000e+03 1.310027982632145438e+01
3.376000000000000000e+03 1.306976323230570713e+01
3.377000000000000000e+03 1.303924502800358454e+01
3.378000000000000000e+03 1.300872088361794177e+01
3.379000000000000000e+03 1.297811213668672536e+01
3.380000000000000000e+03 1.294756292877833381e+01
3.381000000000000000e+03 1.291692022372627591e+01
3.382000000000000000e+03 1.288632807845845996e+01
3.383000000000000000e+03 1.285563337783309379e+01
3.384000000000000000e+03 1.282498010555062073e+01
3.385000000000000000e+03 1.279436364605613541e+01
3.386000000000000000e+03 1.276363078747054836e+01
3.387000000000000000e+03 1.273292542554032991e+01
3.388000000000000000e+03 1.270224286554890902e+01
3.389000000000000000e+03 1.267157839222909566e+01
3.390000000000000000e+03 1.264085298913819067e+01
3.391000000000000000e+03 1.261013619200304881e+01
3.392000000000000000e+03 1.257949752450186409e+01
3.393000000000000000e+03 1.254878365048342559e+01
3.394000000000000000e+03 1.251813836114240530e+01
3.395000000000000000e+03 1.248748259308146480e+01
3.396000000000000000e+03 1.245688584831808399e+01
3.397000000000000000e+03 1.242619477917362225e+01
3.398000000000000000e+03 1.239562745859548798e+01
3.399000000000000000e+03 1.236503054733032414e+01
3.400000000000000000e+03 1.233439928053025803e+01
3.401000000000000000e+03 1.230380325534368602e+01
3.402000000000000000e+03 1.227323807312346560e+01
3.403000000000000000e+03 1.224277370082256411e+01
3.404000000000000000e+03 1.221225726949166557e+01
3.405000000000000000e+03 1.218175877680138441e+01
3.406000000000000000e+03 1.215127395442251590e+01
3.407000000000000000e+03 1.212087283630656032e+01
3.408000000000000000e+03 1.209047690934180430e+01
3.409000000000000000e+03 1.206015624841912981e+01
3.410000000000000000e+03 1.202983238337417582e+01
3.411000000000000000e+03 1.199957543385195180e+01
3.412000000000000000e+03 1.196930697605954919e+01
3.413000000000000000e+03 1.193909717745426491e+01
3.414000000000000000e+03 1.190894194683683693e+01
3.415000000000000000e+03 1.187883721838516493e+01
3.416000000000000000e+03 1.184870466862258631e+01
3.417000000000000000e+03 1.181868885084628573e+01
3.418000000000000000e+03 1.178871149448823630e+01
3.419000000000000000e+03 1.175884292296951017e+01
3.420000000000000000e+03 1.172893063650618117e+01
3.421000000000000000e+03 1.169911929693007480e+01
3.422000000000000000e+03 1.166940502697227267e+01
3.423000000000000000e+03 1.163970969406792300e+01
3.424000000000000000e+03 1.161010376117935117e+01
3.425000000000000000e+03 1.158050915312361973e+01
3.426000000000000000e+03 1.155107067445286795e+01
3.427000000000000000e+03 1.152163602534247033e+01
3.428000000000000000e+03 1.149227578656031667e+01
3.429000000000000000e+03 1.146298628596006175e+01
3.430000000000000000e+03 1.143376388254579012e+01
3.431000000000000000e+03 1.140460496709756733e+01
3.432000000000000000e+03 1.137550596286503257e+01
3.433000000000000000e+03 1.134653760983588988e+01
3.434000000000000000e+03 1.131762211506922178e+01
3.435000000000000000e+03 1.128875600412062141e+01
3.436000000000000000e+03 1.126001012203799334e+01
3.437000000000000000e+03 1.123130678392902837e+01
3.438000000000000000e+03 1.120271691012306725e+01
3.439000000000000000e+03 1.117423717689265139e+01
3.440000000000000000e+03 1.114579001775640421e+01
3.441000000000000000e+03 1.111744647536015407e+01
3.442000000000000000e+03 1.108920335240988742e+01
3.443000000000000000e+03 1.106105749667694660e+01
3.444000000000000000e+03 1.103300580255699970e+01
3.445000000000000000e+03 1.100497092917679964e+01
3.446000000000000000e+03 1.097709843605680646e+01
3.447000000000000000e+03 1.094931108378483131e+01
3.448000000000000000e+03 1.092168025324513003e+01
3.449000000000000000e+03 1.089405452984205169e+01
3.450000000000000000e+03 1.086657968976479616e+01
3.451000000000000000e+03 1.083917876016001181e+01
3.452000000000000000e+03 1.081184928370727683e+01
3.453000000000000000e+03 1.078466319152049913e+01
3.454000000000000000e+03 1.075761819490163695e+01
3.455000000000000000e+03 1.073063778700428017e+01
3.456000000000000000e+03 1.070371981145872908e+01
3.457000000000000000e+03 1.067693646393790274e+01
3.458000000000000000e+03 1.065028572665689488e+01
3.459000000000000000e+03 1.062369136980662176e+01
3.460000000000000000e+03 1.059722580341697906e+01
3.461000000000000000e+03 1.057088722811921144e+01
3.462000000000000000e+03 1.054467391982583813e+01
3.463000000000000000e+03 1.051850994730684619e+01
3.464000000000000000e+03 1.049254230717408554e+01
3.465000000000000000e+03 1.046662094022909173e+01
3.466000000000000000e+03 1.044081871673263251e+01
3.467000000000000000e+03 1.041513430303035470e+01
3.468000000000000000e+03 1.038956644557194764e+01
3.469000000000000000e+03 1.036411397130691192e+01
3.470000000000000000e+03 1.033877578795908825e+01
3.471000000000000000e+03 1.031355088417942945e+01
3.472000000000000000e+03 1.028844575792861882e+01
3.473000000000000000e+03 1.026345213133927992e+01
3.474000000000000000e+03 1.023857666391374721e+01
3.475000000000000000e+03 1.021381123880590458e+01
3.476000000000000000e+03 1.018916267579633583e+01
3.477000000000000000e+03 1.016463787406047992e+01
3.478000000000000000e+03 1.014022152648770536e+01
3.479000000000000000e+03 1.011592811740890774e+01
3.480000000000000000e+03 1.009175735168408039e+01
3.481000000000000000e+03 1.006770158216142264e+01
3.482000000000000000e+03 1.004376066541400547e+01
3.483000000000000000e+03 1.001994938906132759e+01
3.484000000000000000e+03 9.996252900582000223e+00
3.485000000000000000e+03 9.972686132981255724e+00
3.486000000000000000e+03 9.949234376814375835e+00
3.487000000000000000e+03 9.925905277431841256e+00
3.488000000000000000e+03 9.902699120348168904e+00
3.489000000000000000e+03 9.879608829997035713e+00
3.490000000000000000e+03 9.856642253530205622e+00
3.491000000000000000e+03 9.833792446165841028e+00
3.492000000000000000e+03 9.811067383347777948e+00
3.493000000000000000e+03 9.788467674469302438e+00
3.494000000000000000e+03 9.765979133320726646e+00
3.495000000000000000e+03 9.743624775368514790e+00
3.496000000000000000e+03 9.721383104765745742e+00
3.497000000000000000e+03 9.699269825109052334e+00
3.498000000000000000e+03 9.677278411586705431e+00
3.499000000000000000e+03 9.655409823379732970e+00
3.500000000000000000e+03 9.633657646015016951e+00
3.501000000000000000e+03 9.612030365873224014e+00
3.502000000000000000e+03 9.590521626997484006e+00
3.503000000000000000e+03 9.569132544330829049e+00
3.504000000000000000e+03 9.547864284307484795e+00
3.505000000000000000e+03 9.526710635851523890e+00
3.506000000000000000e+03 9.505680294836261979e+00
3.507000000000000000e+03 9.484767150149860271e+00
3.508000000000000000e+03 9.463972568269241492e+00
3.509000000000000000e+03 9.443297964485644513e+00
3.510000000000000000e+03 9.422737374180851333e+00
3.511000000000000000e+03 9.402299737550052328e+00
3.512000000000000000e+03 9.381979185914739006e+00
3.513000000000000000e+03 9.361777326524373777e+00
3.514000000000000000e+03 9.341688385637825220e+00
3.515000000000000000e+03 9.321706636681838631e+00
3.516000000000000000e+03 9.301848685129563421e+00
3.517000000000000000e+03 9.282101469890221779e+00
3.518000000000000000e+03 9.262466833259701104e+00
3.519000000000000000e+03 9.242939235719067170e+00
3.520000000000000000e+03 9.223528040829281238e+00
3.521000000000000000e+03 9.204227801661618358e+00
3.522000000000000000e+03 9.185033117311018458e+00
3.523000000000000000e+03 9.165953489384198960e+00
3.524000000000000000e+03 9.146976180004653401e+00
3.525000000000000000e+03 9.128103353283586685e+00
3.526000000000000000e+03 9.109344646646274413e+00
3.527000000000000000e+03 9.090687457059765109e+00
3.528000000000000000e+03 9.072134082360644669e+00
3.529000000000000000e+03 9.053686864073519303e+00
3.530000000000000000e+03 9.035340758519433635e+00
3.531000000000000000e+03 9.017090764560075300e+00
3.532000000000000000e+03 8.998946779625775605e+00
3.533000000000000000e+03 8.980896457221959395e+00
3.534000000000000000e+03 8.962949776218156472e+00
3.535000000000000000e+03 8.945101898211843761e+00
3.536000000000000000e+03 8.927348023272225319e+00
3.537000000000000000e+03 8.909690817261209261e+00
3.538000000000000000e+03 8.892125554032819679e+00
3.539000000000000000e+03 8.874662399313452354e+00
3.540000000000000000e+03 8.857289267712634029e+00
3.541000000000000000e+03 8.840008963170207679e+00
3.542000000000000000e+03 8.822816892539783851e+00
3.543000000000000000e+03 8.805715920863971036e+00
3.544000000000000000e+03 8.788708941544333797e+00
3.545000000000000000e+03 8.771791446460504460e+00
3.546000000000000000e+03 8.754958952744443579e+00
3.547000000000000000e+03 8.738214429513867287e+00
3.548000000000000000e+03 8.721553439519935225e+00
3.549000000000000000e+03 8.704978994166333806e+00
3.550000000000000000e+03 8.688494123454033158e+00
3.551000000000000000e+03 8.672086975813547483e+00
3.552000000000000000e+03 8.655767832888429325e+00
3.553000000000000000e+03 8.639524662927238197e+00
3.554000000000000000e+03 8.623367730890018734e+00
3.555000000000000000e+03 8.607285026613944012e+00
3.556000000000000000e+03 8.591286833193864325e+00
3.557000000000000000e+03 8.575361155178089945e+00
3.558000000000000000e+03 8.559510858640356545e+00
3.559000000000000000e+03 8.543738812828197027e+00
3.560000000000000000e+03 8.528033031844991285e+00
3.561000000000000000e+03 8.512411243171886355e+00
3.562000000000000000e+03 8.496854030977818439e+00
3.563000000000000000e+03 8.481364261429547469e+00
3.564000000000000000e+03 8.465952224548267679e+00
3.565000000000000000e+03 8.450598491067108142e+00
3.566000000000000000e+03 8.435320766246567459e+00
3.567000000000000000e+03 8.420099605090866746e+00
3.568000000000000000e+03 8.404945266276728333e+00
3.569000000000000000e+03 8.389853140886518901e+00
3.570000000000000000e+03 8.374826036352557068e+00
3.571000000000000000e+03 8.359851890358008575e+00
3.572000000000000000e+03 8.344948339948860649e+00
3.573000000000000000e+03 8.330103293798593711e+00
3.574000000000000000e+03 8.315312073082363753e+00
3.575000000000000000e+03 8.300577410653264820e+00
3.576000000000000000e+03 8.285902021920104943e+00
3.577000000000000000e+03 8.271281175774028327e+00
3.578000000000000000e+03 8.256717550611927692e+00
3.579000000000000000e+03 8.242206377001958018e+00
3.580000000000000000e+03 8.227742865438974817e+00
3.581000000000000000e+03 8.213329634136169233e+00
3.582000000000000000e+03 8.198969280148029171e+00
3.583000000000000000e+03 8.184649522171644875e+00
3.584000000000000000e+03 8.170387770173894282e+00
3.585000000000000000e+03 8.156164269785511678e+00
3.586000000000000000e+03 8.141988957015909634e+00
3.587000000000000000e+03 8.127864316076873763e+00
3.588000000000000000e+03 8.113777950615736145e+00
3.589000000000000000e+03 8.099732296705063561e+00
3.590000000000000000e+03 8.085729765731919372e+00
3.591000000000000000e+03 8.071765315635591520e+00
3.592000000000000000e+03 8.057841307190988900e+00
3.593000000000000000e+03 8.043960075233648865e+00
3.594000000000000000e+03 8.030109071523982678e+00
3.595000000000000000e+03 8.016298006050696756e+00
3.596000000000000000e+03 8.002514276467350030e+00
3.597000000000000000e+03 7.988767537715446565e+00
3.598000000000000000e+03 7.975059988128348820e+00
3.599000000000000000e+03 7.961386368917897194e+00
3.600000000000000000e+03 7.947741391993035975e+00
3.601000000000000000e+03 7.934127134922686508e+00
3.602000000000000000e+03 7.920545513505206081e+00
3.603000000000000000e+03 7.906998379694212709e+00
3.604000000000000000e+03 7.893480125482929211e+00
3.605000000000000000e+03 7.879985110636270385e+00
3.606000000000000000e+03 7.866522518759810012e+00
3.607000000000000000e+03 7.853086643254934884e+00
3.608000000000000000e+03 7.839671743366073642e+00
3.609000000000000000e+03 7.826279471870343230e+00
3.610000000000000000e+03 7.812918874411753478e+00
3.611000000000000000e+03 7.799576675433178785e+00
3.612000000000000000e+03 7.786254419260576931e+00
3.613000000000000000e+03 7.772953612739962104e+00
3.614000000000000000e+03 7.759675724581671652e+00
3.615000000000000000e+03 7.746414756364266907e+00
3.616000000000000000e+03 7.733179526953134264e+00
3.617000000000000000e+03 7.719956530132697559e+00
3.618000000000000000e+03 7.706747075761162691e+00
3.619000000000000000e+03 7.693559860845621934e+00
3.620000000000000000e+03 7.680388683941913541e+00
3.621000000000000000e+03 7.667227301333509715e+00
3.622000000000000000e+03 7.654084283240612407e+00
3.623000000000000000e+03 7.640953299960421496e+00
3.624000000000000000e+03 7.627835406493540304e+00
3.625000000000000000e+03 7.614724185455698624e+00
3.626000000000000000e+03 7.601628031778730588e+00
3.627000000000000000e+03 7.588540438998796489e+00
3.628000000000000000e+03 7.575469712387026711e+00
3.629000000000000000e+03 7.562409255318980783e+00
3.630000000000000000e+03 7.549359854137080994e+00
3.631000000000000000e+03 7.536314821303411904e+00
3.632000000000000000e+03 7.523282280344680828e+00
3.633000000000000000e+03 7.510262880736456204e+00
3.634000000000000000e+03 7.497249797878279942e+00
3.635000000000000000e+03 7.484243589807876518e+00
3.636000000000000000e+03 7.471252197252790772e+00
3.637000000000000000e+03 7.458261230316909796e+00
3.638000000000000000e+03 7.445278538703840709e+00
3.639000000000000000e+03 7.432297070120283955e+00
3.640000000000000000e+03 7.419332012211746985e+00
3.641000000000000000e+03 7.406368794323983984e+00
3.642000000000000000e+03 7.393407657843109604e+00
3.643000000000000000e+03 7.380456228107170169e+00
3.644000000000000000e+03 7.367514657988834870e+00
3.645000000000000000e+03 7.354568199846279519e+00
3.646000000000000000e+03 7.341631775941799276e+00
3.647000000000000000e+03 7.328697980320640681e+00
3.648000000000000000e+03 7.315774220903712433e+00
3.649000000000000000e+03 7.302845578086221145e+00
3.650000000000000000e+03 7.289926803546187273e+00
3.651000000000000000e+03 7.277002893711131293e+00
3.652000000000000000e+03 7.264088516647312588e+00
3.653000000000000000e+03 7.251176014247977086e+00
3.654000000000000000e+03 7.238265116089456441e+00
3.655000000000000000e+03 7.225355511442042911e+00
3.656000000000000000e+03 7.212454277977697004e+00
3.657000000000000000e+03 7.199553597073145461e+00
3.658000000000000000e+03 7.186653039209669025e+00
3.659000000000000000e+03 7.173759564317043314e+00
3.660000000000000000e+03 7.160865237061640798e+00
3.661000000000000000e+03 7.147984368931782129e+00
3.662000000000000000e+03 7.135094091765357582e+00
3.663000000000000000e+03 7.122216069928099635e+00
3.664000000000000000e+03 7.109334788783717940e+00
3.665000000000000000e+03 7.096456981817043541e+00
3.666000000000000000e+03 7.083581917553260610e+00
3.667000000000000000e+03 7.070708828229942178e+00
3.668000000000000000e+03 7.057844338471357837e+00
3.669000000000000000e+03 7.044972752216225764e+00
3.670000000000000000e+03 7.032108051504598834e+00
3.671000000000000000e+03 7.019241898369609878e+00
3.672000000000000000e+03 7.006380776942784827e+00
3.673000000000000000e+03 6.993523708769998848e+00
3.674000000000000000e+03 6.980669681543074212e+00
3.675000000000000000e+03 6.967817649498057264e+00
3.676000000000000000e+03 6.954966533832185327e+00
3.677000000000000000e+03 6.942115223142099723e+00
3.678000000000000000e+03 6.929270002234514614e+00
3.679000000000000000e+03 6.916429695910833786e+00
3.680000000000000000e+03 6.903593097828428782e+00
3.681000000000000000e+03 6.890758971039108616e+00
3.682000000000000000e+03 6.877926048555950800e+00
3.683000000000000000e+03 6.865100462299902340e+00
3.684000000000000000e+03 6.852273458675642637e+00
3.685000000000000000e+03 6.839451112629739704e+00
3.686000000000000000e+03 6.826624614937357727e+00
3.687000000000000000e+03 6.813807414672384155e+00
3.688000000000000000e+03 6.800998078204764319e+00
3.689000000000000000e+03 6.788187718329185216e+00
3.690000000000000000e+03 6.775382280122882683e+00
3.691000000000000000e+03 6.762580256729188832e+00
3.692000000000000000e+03 6.749787546917963788e+00
3.693000000000000000e+03 6.737002599269405145e+00
3.694000000000000000e+03 6.724223841430107207e+00
3.695000000000000000e+03 6.711449681038625492e+00
3.696000000000000000e+03 6.698685935018488635e+00
3.697000000000000000e+03 6.685923545484142139e+00
3.698000000000000000e+03 6.673175722460817028e+00
3.699000000000000000e+03 6.660433374759615610e+00
3.700000000000000000e+03 6.647694824360517174e+00
3.701000000000000000e+03 6.634958403523846471e+00
3.702000000000000000e+03 6.622237385907274287e+00
3.703000000000000000e+03 6.609522772358191745e+00
3.704000000000000000e+03 6.596812980806123328e+00
3.705000000000000000e+03 6.584121275571185983e+00
3.706000000000000000e+03 6.571431198205571533e+00
3.707000000000000000e+03 6.558755995221361879e+00
3.708000000000000000e+03 6.546086620543126955e+00
3.709000000000000000e+03 6.533428878140324692e+00
3.710000000000000000e+03 6.520781137830717000e+00
3.711000000000000000e+03 6.508149192807101358e+00
3.712000000000000000e+03 6.495523975380990578e+00
3.713000000000000000e+03 6.482911271145932908e+00
3.714000000000000000e+03 6.470309434654389236e+00
3.715000000000000000e+03 6.457724246810179203e+00
3.716000000000000000e+03 6.445146630472908811e+00
3.717000000000000000e+03 6.432582364477596570e+00
3.718000000000000000e+03 6.420037227514342248e+00
3.719000000000000000e+03 6.407502141971735732e+00
3.720000000000000000e+03 6.394990316194582469e+00
3.721000000000000000e+03 6.382485246502627163e+00
3.722000000000000000e+03 6.370007572778702887e+00
3.723000000000000000e+03 6.357540795368996633e+00
3.724000000000000000e+03 6.345090702256193538e+00
3.725000000000000000e+03 6.332655656000447664e+00
3.726000000000000000e+03 6.320241450755516688e+00
3.727000000000000000e+03 6.307846455859667856e+00
3.728000000000000000e+03 6.295469044456540431e+00
3.729000000000000000e+03 6.283115022098631819e+00
3.730000000000000000e+03 6.270775341934886171e+00
3.731000000000000000e+03 6.258455818340291188e+00
3.732000000000000000e+03 6.246154842086013126e+00
3.733000000000000000e+03 6.233870808907691519e+00
3.734000000000000000e+03 6.221616976424662049e+00
3.735000000000000000e+03 6.209376894261626312e+00
3.736000000000000000e+03 6.197163831081908825e+00
3.737000000000000000e+03 6.184968776379335509e+00
3.738000000000000000e+03 6.172797582488188439e+00
3.739000000000000000e+03 6.160648679810824646e+00
3.740000000000000000e+03 6.148520505468018982e+00
3.741000000000000000e+03 6.136411503624598751e+00
3.742000000000000000e+03 6.124334982543903294e+00
3.743000000000000000e+03 6.112274544870303750e+00
3.744000000000000000e+03 6.100243514848555648e+00
3.745000000000000000e+03 6.088232940323169196e+00
3.746000000000000000e+03 6.076248734977456323e+00
3.747000000000000000e+03 6.064281965456668644e+00
3.748000000000000000e+03 6.052353422031570673e+00
3.749000000000000000e+03 6.040446764045885431e+00
3.750000000000000000e+03 6.028560519005125684e+00
3.751000000000000000e+03 6.016708106711718962e+00
3.752000000000000000e+03 6.004880768606750685e+00
3.753000000000000000e+03 5.993077211531385728e+00
3.754000000000000000e+03 5.981303585041808368e+00
3.755000000000000000e+03 5.969558625514322259e+00
3.756000000000000000e+03 5.957841085328095865e+00
3.757000000000000000e+03 5.946149733721721731e+00
3.758000000000000000e+03 5.934483357669356529e+00
3.759000000000000000e+03 5.922855619474425737e+00
3.760000000000000000e+03 5.911243059222628382e+00
3.761000000000000000e+03 5.899666807547632175e+00
3.762000000000000000e+03 5.888118303044449497e+00
3.763000000000000000e+03 5.876603863285108531e+00
3.764000000000000000e+03 5.865114972325318199e+00
3.765000000000000000e+03 5.853657995001229963e+00
3.766000000000000000e+03 5.842231892757832057e+00
3.767000000000000000e+03 5.830835652856144691e+00
3.768000000000000000e+03 5.819468289203500788e+00
3.769000000000000000e+03 5.808128843151597387e+00
3.770000000000000000e+03 5.796831240958383979e+00
3.771000000000000000e+03 5.785552296056063248e+00
3.772000000000000000e+03 5.774313421578056271e+00
3.773000000000000000e+03 5.763106347480195346e+00
3.774000000000000000e+03 5.751930262861997711e+00
3.775000000000000000e+03 5.740784388129196891e+00
3.776000000000000000e+03 5.729667975445851269e+00
3.777000000000000000e+03 5.718587737473488808e+00
3.778000000000000000e+03 5.707535562643781368e+00
3.779000000000000000e+03 5.696518228816107587e+00
3.780000000000000000e+03 5.685535118414287048e+00
3.781000000000000000e+03 5.674578218545389241e+00
3.782000000000000000e+03 5.663661834449699839e+00
3.783000000000000000e+03 5.652778019378983387e+00
3.784000000000000000e+03 5.641926287908917814e+00
3.785000000000000000e+03 5.631113615783368331e+00
3.786000000000000000e+03 5.620339582992966321e+00
3.787000000000000000e+03 5.609588945140973948e+00
3.788000000000000000e+03 5.598883631551360374e+00
3.789000000000000000e+03 5.588208461365550050e+00
3.790000000000000000e+03 5.577563141540971436e+00
3.791000000000000000e+03 5.566954837998366656e+00
3.792000000000000000e+03 5.556383318374927605e+00
3.793000000000000000e+03 5.545848379788875349e+00
3.794000000000000000e+03 5.535342419869378361e+00
3.795000000000000000e+03 5.524880149509127314e+00
3.796000000000000000e+03 5.514446593740903957e+00
3.797000000000000000e+03 5.504049089500871794e+00
3.798000000000000000e+03 5.493687571527557267e+00
3.799000000000000000e+03 5.483369428357202757e+00
3.800000000000000000e+03 5.473079788218084829e+00
3.801000000000000000e+03 5.462826091198151879e+00
3.802000000000000000e+03 5.452608383450304075e+00
3.803000000000000000e+03 5.442426736583476199e+00
3.804000000000000000e+03 5.432281244254565600e+00
3.805000000000000000e+03 5.422164593203184779e+00
3.806000000000000000e+03 5.412091776070921512e+00
3.807000000000000000e+03 5.402048092406188218e+00
3.808000000000000000e+03 5.392041146614586999e+00
3.809000000000000000e+03 5.382071134102718091e+00
3.810000000000000000e+03 5.372138269222167750e+00
3.811000000000000000e+03 5.362235356564944766e+00
3.812000000000000000e+03 5.352370075713992925e+00
3.813000000000000000e+03 5.342542695947855691e+00
3.814000000000000000e+03 5.332753504402957034e+00
3.815000000000000000e+03 5.322995377593094268e+00
3.816000000000000000e+03 5.313276066386416474e+00
3.817000000000000000e+03 5.303588482587636932e+00
3.818000000000000000e+03 5.293940412377068583e+00
3.819000000000000000e+03 5.284324803001364756e+00
3.820000000000000000e+03 5.274742047966490155e+00
3.821000000000000000e+03 5.265192558877946460e+00
3.822000000000000000e+03 5.255676765675758588e+00
3.823000000000000000e+03 5.246195116909753153e+00
3.824000000000000000e+03 5.236748080051097709e+00
3.825000000000000000e+03 5.227336141835341898e+00
3.826000000000000000e+03 5.217952380280809876e+00
3.827000000000000000e+03 5.208612178479283372e+00
3.828000000000000000e+03 5.199293798198183048e+00
3.829000000000000000e+03 5.190020092146293784e+00
3.830000000000000000e+03 5.180769364186194714e+00
3.831000000000000000e+03 5.171549653248617595e+00
3.832000000000000000e+03 5.162369020332844727e+00
3.833000000000000000e+03 5.153213263840971337e+00
3.834000000000000000e+03 5.144090490041651087e+00
3.835000000000000000e+03 5.135001400001990568e+00
3.836000000000000000e+03 5.125939289885680594e+00
3.837000000000000000e+03 5.116912336260799776e+00
3.838000000000000000e+03 5.107913882909516978e+00
3.839000000000000000e+03 5.098944726038015851e+00
3.840000000000000000e+03 5.090005686029067888e+00
3.841000000000000000e+03 5.081097607484005962e+00
3.842000000000000000e+03 5.072221359200308477e+00
3.843000000000000000e+03 5.063370405730950985e+00
3.844000000000000000e+03 5.054553092273688542e+00
3.845000000000000000e+03 5.045762931035805643e+00
3.846000000000000000e+03 5.037000885976088860e+00
3.847000000000000000e+03 5.028267944069402695e+00
3.848000000000000000e+03 5.019565114846187726e+00
3.849000000000000000e+03 5.010893429855470593e+00
3.850000000000000000e+03 5.002239085352490733e+00
3.851000000000000000e+03 4.993617997159780053e+00
3.852000000000000000e+03 4.985023757793276999e+00
3.853000000000000000e+03 4.976457392703068194e+00
3.854000000000000000e+03 4.967919945587558672e+00
3.855000000000000000e+03 4.959412477441096812e+00
3.856000000000000000e+03 4.950921208844174082e+00
3.857000000000000000e+03 4.942462089003562653e+00
3.858000000000000000e+03 4.934028796192355237e+00
3.859000000000000000e+03 4.925622450001790220e+00
3.860000000000000000e+03 4.917229325106777793e+00
3.861000000000000000e+03 4.908872848505147601e+00
3.862000000000000000e+03 4.900531886431214623e+00
3.863000000000000000e+03 4.892222454959796352e+00
3.864000000000000000e+03 4.883930863597700345e+00
3.865000000000000000e+03 4.875665712478644664e+00
3.866000000000000000e+03 4.867420749361912158e+00
3.867000000000000000e+03 4.859197153446277895e+00
3.868000000000000000e+03 4.851003534154582297e+00
3.869000000000000000e+03 4.842826216544029450e+00
3.870000000000000000e+03 4.834681238604146003e+00
3.871000000000000000e+03 4.826547494990540699e+00
3.872000000000000000e+03 4.818441019460105501e+00
3.873000000000000000e+03 4.810355557054024622e+00
3.874000000000000000e+03 4.802292276540216953e+00
3.875000000000000000e+03 4.794252341167173803e+00
3.876000000000000000e+03 4.786229479483256277e+00
3.877000000000000000e+03 4.778232269626538908e+00
3.878000000000000000e+03 4.770246996885701307e+00
3.879000000000000000e+03 4.762289651538172741e+00
3.880000000000000000e+03 4.754346501511775180e+00
3.881000000000000000e+03 4.746426090377457108e+00
3.882000000000000000e+03 4.738522095217450492e+00
3.883000000000000000e+03 4.730643039723479326e+00
3.884000000000000000e+03 4.722782580569952593e+00
3.885000000000000000e+03 4.714934363964429664e+00
3.886000000000000000e+03 4.707106882270985615e+00
3.887000000000000000e+03 4.699301188953036501e+00
3.888000000000000000e+03 4.691510898633919346e+00
3.889000000000000000e+03 4.683737043921077259e+00
3.890000000000000000e+03 4.675988075588317194e+00
3.891000000000000000e+03 4.668242721060528844e+00
3.892000000000000000e+03 4.660524268200411768e+00
3.893000000000000000e+03 4.652818853782148878e+00
3.894000000000000000e+03 4.645127462306090749e+00
3.895000000000000000e+03 4.637451069690857075e+00
3.896000000000000000e+03 4.629783215339021041e+00
3.897000000000000000e+03 4.622139715970181584e+00
3.898000000000000000e+03 4.614499239260644536e+00
3.899000000000000000e+03 4.606877587789897532e+00
3.900000000000000000e+03 4.599275701028544994e+00
3.901000000000000000e+03 4.591679639010423308e+00
3.902000000000000000e+03 4.584097674225917629e+00
3.903000000000000000e+03 4.576530628874422746e+00
3.904000000000000000e+03 4.568979320325167848e+00
3.905000000000000000e+03 4.561437133084816686e+00
3.906000000000000000e+03 4.553912304123474364e+00
3.907000000000000000e+03 4.546398209701463244e+00
3.908000000000000000e+03 4.538888222245526016e+00
3.909000000000000000e+03 4.531390567168340766e+00
3.910000000000000000e+03 4.523906037877054587e+00
3.911000000000000000e+03 4.516427995769303649e+00
3.912000000000000000e+03 4.508964655214442452e+00
3.913000000000000000e+03 4.501501941665648765e+00
3.914000000000000000e+03 4.494055489906211065e+00
3.915000000000000000e+03 4.486611216973351191e+00
3.916000000000000000e+03 4.479177320266725992e+00
3.917000000000000000e+03 4.471754563736114463e+00
3.918000000000000000e+03 4.464336277403615050e+00
3.919000000000000000e+03 4.456923213521504223e+00
3.920000000000000000e+03 4.449516117617893229e+00
3.921000000000000000e+03 4.442115727833809480e+00
3.922000000000000000e+03 4.434722774205630991e+00
3.923000000000000000e+03 4.427337977897364496e+00
3.924000000000000000e+03 4.419954622037203684e+00
3.925000000000000000e+03 4.412573407564741146e+00
3.926000000000000000e+03 4.405202452343368158e+00
3.927000000000000000e+03 4.397835005193796221e+00
3.928000000000000000e+03 4.390471730006882289e+00
3.929000000000000000e+03 4.383113276440722572e+00
3.930000000000000000e+03 4.375767707309306864e+00
3.931000000000000000e+03 4.368420784218686848e+00
3.932000000000000000e+03 4.361087965061116734e+00
3.933000000000000000e+03 4.353754976268230159e+00
3.934000000000000000e+03 4.346429810336921662e+00
3.935000000000000000e+03 4.339113011528742625e+00
3.936000000000000000e+03 4.331797675003209669e+00
3.937000000000000000e+03 4.324484302690401627e+00
3.938000000000000000e+03 4.317180802508712389e+00
3.939000000000000000e+03 4.309880202582153430e+00
3.940000000000000000e+03 4.302590363966032783e+00
3.941000000000000000e+03 4.295304266631820411e+00
3.942000000000000000e+03 4.288014865618569260e+00
3.943000000000000000e+03 4.280737375604400263e+00
3.944000000000000000e+03 4.273472128748427856e+00
3.945000000000000000e+03 4.266204574359364621e+00
3.946000000000000000e+03 4.258942420393083239e+00
3.947000000000000000e+03 4.251685919876631914e+00
3.948000000000000000e+03 4.244435299163652253e+00
3.949000000000000000e+03 4.237190757919718109e+00
3.950000000000000000e+03 4.229952469187080233e+00
3.951000000000000000e+03 4.222713146029525966e+00
3.952000000000000000e+03 4.215480311357977961e+00
3.953000000000000000e+03 4.208246600270492799e+00
3.954000000000000000e+03 4.201026907318946790e+00
3.955000000000000000e+03 4.193798960142498089e+00
3.956000000000000000e+03 4.186585031820316161e+00
3.957000000000000000e+03 4.179370229578672991e+00
3.958000000000000000e+03 4.172161922207910933e+00
3.959000000000000000e+03 4.164960027325938619e+00
3.960000000000000000e+03 4.157764440438037390e+00
3.961000000000000000e+03 4.150567607333046638e+00
3.962000000000000000e+03 4.143376809913663195e+00
3.963000000000000000e+03 4.136191881950168181e+00
3.964000000000000000e+03 4.129005209903949591e+00
3.965000000000000000e+03 4.121824018814606028e+00
3.966000000000000000e+03 4.114648088090711475e+00
3.967000000000000000e+03 4.107469752350719538e+00
3.968000000000000000e+03 4.100296187307155726e+00
3.969000000000000000e+03 4.093119697185293226e+00
3.970000000000000000e+03 4.085947428923617508e+00
3.971000000000000000e+03 4.078779087896952760e+00
3.972000000000000000e+03 4.071614367008757007e+00
3.973000000000000000e+03 4.064445519046175903e+00
3.974000000000000000e+03 4.057287070745164925e+00
3.975000000000000000e+03 4.050123824955912610e+00
3.976000000000000000e+03 4.042962859662659447e+00
3.977000000000000000e+03 4.035803815096559610e+00
3.978000000000000000e+03 4.028646322544167546e+00
3.979000000000000000e+03 4.021490004746250513e+00
3.980000000000000000e+03 4.014334476236777860e+00
3.981000000000000000e+03 4.007179343619575285e+00
3.982000000000000000e+03 4.000024205783605069e+00
3.983000000000000000e+03 3.992876082405256266e+00
3.984000000000000000e+03 3.985727128988686196e+00
3.985000000000000000e+03 3.978576921946916922e+00
3.986000000000000000e+03 3.971425030222980102e+00
3.987000000000000000e+03 3.964278443555537823e+00
3.988000000000000000e+03 3.957136715639535840e+00
3.989000000000000000e+03 3.949991963937309780e+00
3.990000000000000000e+03 3.942843726143445249e+00
3.991000000000000000e+03 3.935706388256657640e+00
3.992000000000000000e+03 3.928572042512993523e+00
3.993000000000000000e+03 3.921440200437384060e+00
3.994000000000000000e+03 3.914310364116766472e+00
3.995000000000000000e+03 3.907182025800538305e+00
3.996000000000000000e+03 3.900062095835322484e+00
3.997000000000000000e+03 3.892942617186665011e+00
3.998000000000000000e+03 3.885830478408258681e+00
3.999000000000000000e+03 3.878725128159642210e+00
4.000000000000000000e+03 3.871618574781558575e+00
4.001000000000000000e+03 3.864517679283898666e+00
4.002000000000000000e+03 3.857421894949569552e+00
4.003000000000000000e+03 3.850338098615543547e+00
4.004000000000000000e+03 3.843250868580363910e+00
4.005000000000000000e+03 3.836174482748021308e+00
4.006000000000000000e+03 3.829100919906788913e+00
4.007000000000000000e+03 3.822029572903756556e+00
4.008000000000000000e+03 3.814974676815560350e+00
4.009000000000000000e+03 3.807920738717395448e+00
4.010000000000000000e+03 3.800874536059180464e+00
4.011000000000000000e+03 3.793827974894372179e+00
4.012000000000000000e+03 3.786795231669491724e+00
4.013000000000000000e+03 3.779768183220766797e+00
4.014000000000000000e+03 3.772746120333648090e+00
4.015000000000000000e+03 3.765735747962915436e+00
4.016000000000000000e+03 3.758721472112901640e+00
4.017000000000000000e+03 3.751724826981328587e+00
4.018000000000000000e+03 3.744730191858537616e+00
4.019000000000000000e+03 3.737744218388800999e+00
4.020000000000000000e+03 3.730766117685143435e+00
4.021000000000000000e+03 3.723795089248454815e+00
4.022000000000000000e+03 3.716830321587071495e+00
4.023000000000000000e+03 3.709878421233335111e+00
4.024000000000000000e+03 3.702931128402923378e+00
4.025000000000000000e+03 3.695995031144534870e+00
4.026000000000000000e+03 3.689069281073052764e+00
4.027000000000000000e+03 3.682145594182890669e+00
4.028000000000000000e+03 3.675237965088157033e+00
4.029000000000000000e+03 3.668338097779383578e+00
4.030000000000000000e+03 3.661437691548272699e+00
4.031000000000000000e+03 3.654550726921120596e+00
4.032000000000000000e+03 3.647676324794548286e+00
4.033000000000000000e+03 3.640806175671782441e+00
4.034000000000000000e+03 3.633946825592331731e+00
4.035000000000000000e+03 3.627097391949063887e+00
4.036000000000000000e+03 3.620256992689224962e+00
4.037000000000000000e+03 3.613417318793223032e+00
4.038000000000000000e+03 3.606592348478963928e+00
4.039000000000000000e+03 3.599781206223125363e+00
4.040000000000000000e+03 3.592975591849321582e+00
4.041000000000000000e+03 3.586174637928422282e+00
4.042000000000000000e+03 3.579392338787304784e+00
4.043000000000000000e+03 3.572612981020966139e+00
4.044000000000000000e+03 3.565843142511064379e+00
4.045000000000000000e+03 3.559081979542785934e+00
4.046000000000000000e+03 3.552328655622183806e+00
4.047000000000000000e+03 3.545589770241343253e+00
4.048000000000000000e+03 3.538857074190545848e+00
4.049000000000000000e+03 3.532144611618821095e+00
4.050000000000000000e+03 3.525436721839401599e+00
4.051000000000000000e+03 3.518740049700147754e+00
4.052000000000000000e+03 3.512053867477515023e+00
4.053000000000000000e+03 3.505377468190463031e+00
4.054000000000000000e+03 3.498717582293393580e+00
4.055000000000000000e+03 3.492066092637556185e+00
4.056000000000000000e+03 3.485429747840759873e+00
4.057000000000000000e+03 3.478800448815764224e+00
4.058000000000000000e+03 3.472184962064182923e+00
4.059000000000000000e+03 3.465590062835828267e+00
4.060000000000000000e+03 3.459000249908882552e+00
4.061000000000000000e+03 3.452422315496832539e+00
4.062000000000000000e+03 3.445863059981871590e+00
4.063000000000000000e+03 3.439314434982084112e+00
4.064000000000000000e+03 3.432783256506541036e+00
4.065000000000000000e+03 3.426268919650885980e+00
4.066000000000000000e+03 3.419763398338930394e+00
4.067000000000000000e+03 3.413273530115318977e+00
4.068000000000000000e+03 3.406798730840327583e+00
4.069000000000000000e+03 3.400330994444035859e+00
4.070000000000000000e+03 3.393884606092878453e+00
4.071000000000000000e+03 3.387451571869402045e+00
4.072000000000000000e+03 3.381038760323845427e+00
4.073000000000000000e+03 3.374630760544657715e+00
4.074000000000000000e+03 3.368249308807911291e+00
4.075000000000000000e+03 3.361879004949041239e+00
4.076000000000000000e+03 3.355519310718721560e+00
4.077000000000000000e+03 3.349184549718351889e+00
4.078000000000000000e+03 3.342859337267122921e+00
4.079000000000000000e+03 3.336558007206919640e+00
4.080000000000000000e+03 3.330265185137806228e+00
4.081000000000000000e+03 3.323995215293146011e+00
4.082000000000000000e+03 3.317740162196144205e+00
4.083000000000000000e+03 3.311506952554623684e+00
4.084000000000000000e+03 3.305280233687430069e+00
4.085000000000000000e+03 3.299074372187258408e+00
4.086000000000000000e+03 3.292888884062108890e+00
4.087000000000000000e+03 3.286723291708970596e+00
4.088000000000000000e+03 3.280569695864914426e+00
4.089000000000000000e+03 3.274427632634939744e+00
4.090000000000000000e+03 3.268311502193178342e+00
4.091000000000000000e+03 3.262205999052699923e+00
4.092000000000000000e+03 3.256125539257078483e+00
4.093000000000000000e+03 3.250054833982376490e+00
4.094000000000000000e+03 3.244008316754840138e+00
4.095000000000000000e+03 3.237978145422969245e+00
4.096000000000000000e+03 3.231963915987348113e+00
4.097000000000000000e+03 3.225965234680527427e+00
4.098000000000000000e+03 3.219989146745820374e+00
4.099000000000000000e+03 3.214027851809419634e+00
4.100000000000000000e+03 3.208080989345972522e+00
4.101000000000000000e+03 3.202155644632782572e+00
4.102000000000000000e+03 3.196244080741459381e+00
4.103000000000000000e+03 3.190353435655217673e+00
4.104000000000000000e+03 3.184483432016981030e+00
4.105000000000000000e+03 3.178626377456548635e+00
4.106000000000000000e+03 3.172789449943713702e+00
4.107000000000000000e+03 3.166964984662071103e+00
4.108000000000000000e+03 3.161167616006450576e+00
4.109000000000000000e+03 3.155382279346593322e+00
4.110000000000000000e+03 3.149616209662869704e+00
4.111000000000000000e+03 3.143869228296500840e+00
4.112000000000000000e+03 3.138141171417826225e+00
4.113000000000000000e+03 3.132431890110740191e+00
4.114000000000000000e+03 3.126741250423429985e+00
4.115000000000000000e+03 3.121069133385946603e+00
4.116000000000000000e+03 3.115415434994568411e+00
4.117000000000000000e+03 3.109780066164422596e+00
4.118000000000000000e+03 3.104162952651000396e+00
4.119000000000000000e+03 3.098564034941877932e+00
4.120000000000000000e+03 3.092983268120543805e+00
4.121000000000000000e+03 3.087420621703641732e+00
4.122000000000000000e+03 3.081883507803984124e+00
4.123000000000000000e+03 3.076357067520030686e+00
4.124000000000000000e+03 3.070856169157774485e+00
4.125000000000000000e+03 3.065365981181472410e+00
4.126000000000000000e+03 3.059901398752349788e+00
4.127000000000000000e+03 3.054447616651162711e+00
4.128000000000000000e+03 3.049019555793840208e+00
4.129000000000000000e+03 3.043609864485933514e+00
4.130000000000000000e+03 3.038218631524322699e+00
4.131000000000000000e+03 3.032845957545020177e+00
4.132000000000000000e+03 3.027491954720786804e+00
4.133000000000000000e+03 3.022149318110340488e+00
4.134000000000000000e+03 3.016833038763246932e+00
4.135000000000000000e+03 3.011535833328109035e+00
4.136000000000000000e+03 3.006257857171919401e+00
4.137000000000000000e+03 3.000991847407206148e+00
4.138000000000000000e+03 2.995752836032645305e+00
4.139000000000000000e+03 2.990526151233424912e+00
4.140000000000000000e+03 2.985319415599251514e+00
4.141000000000000000e+03 2.980140260854582834e+00
4.142000000000000000e+03 2.974966614254389796e+00
4.143000000000000000e+03 2.969820981899498946e+00
4.144000000000000000e+03 2.964688736712895789e+00
4.145000000000000000e+03 2.959577545087435979e+00
4.146000000000000000e+03 2.954487653346493659e+00
4.147000000000000000e+03 2.949411887621669504e+00
4.148000000000000000e+03 2.944357938796242635e+00
4.149000000000000000e+03 2.939318649011627205e+00
4.150000000000000000e+03 2.934301724988833460e+00
4.151000000000000000e+03 2.929300021385679909e+00
4.152000000000000000e+03 2.924321244616689963e+00
4.153000000000000000e+03 2.919358248930678634e+00
4.154000000000000000e+03 2.914411324598233488e+00
4.155000000000000000e+03 2.909480769529428912e+00
4.156000000000000000e+03 2.904574317597052868e+00
4.157000000000000000e+03 2.899677425211228954e+00
4.158000000000000000e+03 2.894805269748353727e+00
4.159000000000000000e+03 2.889950751076035385e+00
4.160000000000000000e+03 2.885114204928072024e+00
4.161000000000000000e+03 2.880288546174271769e+00
4.162000000000000000e+03 2.875488982186072295e+00
4.163000000000000000e+03 2.870701014342058155e+00
4.164000000000000000e+03 2.865932436428348051e+00
4.165000000000000000e+03 2.861183621176228264e+00
4.166000000000000000e+03 2.856447520189245193e+00
4.167000000000000000e+03 2.851731948908966086e+00
4.168000000000000000e+03 2.847037301465717096e+00
4.169000000000000000e+03 2.842356550565991569e+00
4.170000000000000000e+03 2.837690104066136421e+00
4.171000000000000000e+03 2.833038376479684484e+00
4.172000000000000000e+03 2.828409217170343215e+00
4.173000000000000000e+03 2.823795625128802111e+00
4.174000000000000000e+03 2.819198033835695671e+00
4.175000000000000000e+03 2.814616882709229717e+00
4.176000000000000000e+03 2.810052616888637722e+00
4.177000000000000000e+03 2.805505687004532955e+00
4.178000000000000000e+03 2.800969120586181749e+00
4.179000000000000000e+03 2.796458235209163590e+00
4.180000000000000000e+03 2.791958639779430484e+00
4.181000000000000000e+03 2.787470804361922738e+00
4.182000000000000000e+03 2.783002631550278494e+00
4.183000000000000000e+03 2.778554599479927667e+00
4.184000000000000000e+03 2.774112333187301882e+00
4.185000000000000000e+03 2.769691174418501767e+00
4.186000000000000000e+03 2.765284182883176456e+00
4.187000000000000000e+03 2.760899277712756561e+00
4.188000000000000000e+03 2.756522095418556084e+00
4.189000000000000000e+03 2.752160559707036658e+00
4.190000000000000000e+03 2.747815167798152824e+00
4.191000000000000000e+03 2.743486418503126245e+00
4.192000000000000000e+03 2.739167383610008333e+00
4.193000000000000000e+03 2.734865992681598357e+00
4.194000000000000000e+03 2.730582747762976936e+00
4.195000000000000000e+03 2.726310723153112736e+00
4.196000000000000000e+03 2.722050421890781280e+00
4.197000000000000000e+03 2.717809775555063201e+00
4.198000000000000000e+03 2.713581859030304688e+00
4.199000000000000000e+03 2.709367175388968541e+00
4.200000000000000000e+03 2.705166227389415479e+00
4.201000000000000000e+03 2.700972081637856181e+00
4.202000000000000000e+03 2.696800059812288097e+00
4.203000000000000000e+03 2.692643190516345264e+00
4.204000000000000000e+03 2.688494501595240838e+00
4.205000000000000000e+03 2.684361876764269184e+00
4.206000000000000000e+03 2.680245770499640745e+00
4.207000000000000000e+03 2.676139207993476710e+00
4.208000000000000000e+03 2.672042641820992159e+00
4.209000000000000000e+03 2.667963951917693866e+00
4.210000000000000000e+03 2.663888732164680029e+00
4.211000000000000000e+03 2.659832288833863245e+00
4.212000000000000000e+03 2.655795070485834852e+00
4.213000000000000000e+03 2.651762667973025067e+00
4.214000000000000000e+03 2.647742956195609842e+00
4.215000000000000000e+03 2.643736380706116496e+00
4.216000000000000000e+03 2.639735957712054493e+00
4.217000000000000000e+03 2.635756987476367108e+00
4.218000000000000000e+03 2.631785055859020339e+00
4.219000000000000000e+03 2.627820604404134563e+00
4.220000000000000000e+03 2.623871501965774122e+00
4.221000000000000000e+03 2.619938187972358445e+00
4.222000000000000000e+03 2.616006244028330041e+00
4.223000000000000000e+03 2.612090963952665934e+00
4.224000000000000000e+03 2.608185355249277748e+00
4.225000000000000000e+03 2.604289852412478901e+00
4.226000000000000000e+03 2.600404888463236919e+00
4.227000000000000000e+03 2.596530894817155932e+00
4.228000000000000000e+03 2.592668301133077779e+00
4.229000000000000000e+03 2.588817535141551218e+00
4.230000000000000000e+03 2.584971594103726567e+00
4.231000000000000000e+03 2.581138329650628283e+00
4.232000000000000000e+03 2.577318162502205912e+00
4.233000000000000000e+03 2.573504082217690225e+00
4.234000000000000000e+03 2.569703931978504663e+00
4.235000000000000000e+03 2.565910694902906020e+00
4.236000000000000000e+03 2.562132207145693119e+00
4.237000000000000000e+03 2.558361444182780442e+00
4.238000000000000000e+03 2.554591377183444312e+00
4.239000000000000000e+03 2.550844686072907486e+00
4.240000000000000000e+03 2.547099475682308878e+00
4.241000000000000000e+03 2.543363558897224319e+00
4.242000000000000000e+03 2.539637314548168323e+00
4.243000000000000000e+03 2.535921115400597614e+00
4.244000000000000000e+03 2.532215327795750870e+00
4.245000000000000000e+03 2.528520311294565559e+00
4.246000000000000000e+03 2.524828989977561111e+00
4.247000000000000000e+03 2.521149137154335307e+00
4.248000000000000000e+03 2.517481089983072629e+00
4.249000000000000000e+03 2.513817749154629411e+00
4.250000000000000000e+03 2.510166863644004653e+00
4.251000000000000000e+03 2.506528740865987093e+00
4.252000000000000000e+03 2.502888804524957322e+00
4.253000000000000000e+03 2.499262178022380709e+00
4.254000000000000000e+03 2.495649118659464261e+00
4.255000000000000000e+03 2.492035017455562773e+00
4.256000000000000000e+03 2.488434969096853688e+00
4.257000000000000000e+03 2.484841773362668871e+00
4.258000000000000000e+03 2.481255648436228256e+00
4.259000000000000000e+03 2.477676802497088993e+00
4.260000000000000000e+03 2.474112862047300077e+00
4.261000000000000000e+03 2.470549158519993682e+00
4.262000000000000000e+03 2.467000726774333685e+00
4.263000000000000000e+03 2.463452878370932186e+00
4.264000000000000000e+03 2.459913200133079236e+00
4.265000000000000000e+03 2.456381840887930768e+00
4.266000000000000000e+03 2.452866368340264280e+00
4.267000000000000000e+03 2.449344627523923013e+00
4.268000000000000000e+03 2.445839024534693706e+00
4.269000000000000000e+03 2.442342243284666647e+00
4.270000000000000000e+03 2.438846959183248231e+00
4.271000000000000000e+03 2.435360696139582615e+00
4.272000000000000000e+03 2.431876113481264312e+00
4.273000000000000000e+03 2.428400719691606646e+00
4.274000000000000000e+03 2.424934587707546996e+00
4.275000000000000000e+03 2.421477783628091629e+00
4.276000000000000000e+03 2.418022938728944027e+00
4.277000000000000000e+03 2.414577534880622434e+00
4.278000000000000000e+03 2.411134191515133196e+00
4.279000000000000000e+03 2.407692951039903662e+00
4.280000000000000000e+03 2.404268707544596317e+00
4.281000000000000000e+03 2.400839208695058069e+00
4.282000000000000000e+03 2.397419339567985030e+00
4.283000000000000000e+03 2.394009124514008047e+00
4.284000000000000000e+03 2.390601155803380173e+00
4.285000000000000000e+03 2.387195450598651902e+00
4.286000000000000000e+03 2.383799451201563446e+00
4.287000000000000000e+03 2.380405740221287925e+00
4.288000000000000000e+03 2.377021754164462486e+00
4.289000000000000000e+03 2.373640070191356255e+00
4.290000000000000000e+03 2.370260691289922672e+00
4.291000000000000000e+03 2.366891046364891782e+00
4.292000000000000000e+03 2.363531133589873434e+00
4.293000000000000000e+03 2.360166092074218458e+00
4.294000000000000000e+03 2.356810771944035210e+00
4.295000000000000000e+03 2.353465164184446401e+00
4.296000000000000000e+03 2.350114400547037352e+00
4.297000000000000000e+03 2.346773323523068999e+00
4.298000000000000000e+03 2.343441916080463372e+00
4.299000000000000000e+03 2.340112729819019410e+00
4.300000000000000000e+03 2.336785741445760234e+00
4.301000000000000000e+03 2.333468353452192279e+00
4.302000000000000000e+03 2.330153111578339153e+00
4.303000000000000000e+03 2.326839986765059987e+00
4.304000000000000000e+03 2.323536373898600349e+00
4.305000000000000000e+03 2.320242234769156475e+00
4.306000000000000000e+03 2.316942669365711360e+00
4.307000000000000000e+03 2.313652485612685883e+00
4.308000000000000000e+03 2.310371628897437635e+00
4.309000000000000000e+03 2.307092610046833414e+00
4.310000000000000000e+03 2.303815361656053273e+00
4.311000000000000000e+03 2.300547237721806582e+00
4.312000000000000000e+03 2.297288156585245655e+00
4.313000000000000000e+03 2.294030600588368163e+00
4.314000000000000000e+03 2.290774472448954935e+00
4.315000000000000000e+03 2.287527094955581042e+00
4.316000000000000000e+03 2.284288353987086850e+00
4.317000000000000000e+03 2.281050698261404719e+00
4.318000000000000000e+03 2.277821424165892505e+00
4.319000000000000000e+03 2.274600390521447579e+00
4.320000000000000000e+03 2.271380018434104198e+00
4.321000000000000000e+03 2.268167576237528404e+00
4.322000000000000000e+03 2.264962894375493807e+00
4.323000000000000000e+03 2.261758365379207714e+00
4.324000000000000000e+03 2.258568657289900639e+00
4.325000000000000000e+03 2.255378715275238477e+00
4.326000000000000000e+03 2.252188331845407454e+00
4.327000000000000000e+03 2.249012147014334939e+00
4.328000000000000000e+03 2.245835078406189123e+00
4.329000000000000000e+03 2.242671748311312552e+00
4.330000000000000000e+03 2.239507057182957617e+00
4.331000000000000000e+03 2.236348182431485920e+00
4.332000000000000000e+03 2.233194865407253094e+00
4.333000000000000000e+03 2.230054268524818362e+00
4.334000000000000000e+03 2.226911262322059049e+00
4.335000000000000000e+03 2.223772996056477602e+00
4.336000000000000000e+03 2.220646613179136697e+00
4.337000000000000000e+03 2.217516966836703851e+00
4.338000000000000000e+03 2.214398618898976157e+00
4.339000000000000000e+03 2.211283842102149677e+00
4.340000000000000000e+03 2.208172334060751307e+00
4.341000000000000000e+03 2.205063789538435071e+00
4.342000000000000000e+03 2.201965329426113005e+00
4.343000000000000000e+03 2.198861787970325832e+00
4.344000000000000000e+03 2.195767711851726034e+00
4.345000000000000000e+03 2.192682790702624285e+00
4.346000000000000000e+03 2.189599286064444428e+00
4.347000000000000000e+03 2.186516888678699200e+00
4.348000000000000000e+03 2.183442719056654102e+00
4.349000000000000000e+03 2.180369042972819305e+00
4.350000000000000000e+03 2.177302985381589728e+00
4.351000000000000000e+03 2.174244250049654159e+00
4.352000000000000000e+03 2.171185132605538470e+00
4.353000000000000000e+03 2.168132793392917979e+00
4.354000000000000000e+03 2.165079540232050181e+00
4.355000000000000000e+03 2.162039970489574525e+00
4.356000000000000000e+03 2.158998972898239721e+00
4.357000000000000000e+03 2.155963726230941013e+00
4.358000000000000000e+03 2.152926557721669631e+00
4.359000000000000000e+03 2.149902084938157376e+00
4.360000000000000000e+03 2.146875217399462077e+00
4.361000000000000000e+03 2.143860583396515196e+00
4.362000000000000000e+03 2.140843103157011207e+00
4.363000000000000000e+03 2.137829987214679317e+00
4.364000000000000000e+03 2.134828451226756574e+00
4.365000000000000000e+03 2.131823430745171333e+00
4.366000000000000000e+03 2.128829579445208786e+00
4.367000000000000000e+03 2.125839270408905080e+00
4.368000000000000000e+03 2.122852309222146072e+00
4.369000000000000000e+03 2.119868505284744575e+00
4.370000000000000000e+03 2.116895099789378953e+00
4.371000000000000000e+03 2.113924480271378137e+00
4.372000000000000000e+03 2.110956465236122348e+00
4.373000000000000000e+03 2.107990875366350991e+00
4.374000000000000000e+03 2.105034961415191752e+00
4.375000000000000000e+03 2.102081118688382766e+00
4.376000000000000000e+03 2.099136599972991846e+00
4.377000000000000000e+03 2.096193801664177236e+00
4.378000000000000000e+03 2.093259976698672364e+00
4.379000000000000000e+03 2.090334949046251722e+00
4.380000000000000000e+03 2.087411113266373963e+00
4.381000000000000000e+03 2.084495719134849878e+00
4.382000000000000000e+03 2.081581157842343099e+00
4.383000000000000000e+03 2.078682103373302947e+00
4.384000000000000000e+03 2.075783513714058781e+00
4.385000000000000000e+03 2.072892629000166576e+00
4.386000000000000000e+03 2.070001829500251578e+00
4.387000000000000000e+03 2.067125777145092158e+00
4.388000000000000000e+03 2.064249416898586986e+00
4.389000000000000000e+03 2.061387403430451126e+00
4.390000000000000000e+03 2.058524674234489815e+00
4.391000000000000000e+03 2.055668448051619190e+00
4.392000000000000000e+03 2.052818511492167985e+00
4.393000000000000000e+03 2.049982075812501581e+00
4.394000000000000000e+03 2.047144063642844625e+00
4.395000000000000000e+03 2.044311679269891879e+00
4.396000000000000000e+03 2.041492123818757332e+00
4.397000000000000000e+03 2.038670310485095616e+00
4.398000000000000000e+03 2.035860863318039282e+00
4.399000000000000000e+03 2.033056119145843610e+00
4.400000000000000000e+03 2.030255841397693217e+00
4.401000000000000000e+03 2.027467223729390700e+00
4.402000000000000000e+03 2.024675186613793976e+00
4.403000000000000000e+03 2.021894366830895962e+00
4.404000000000000000e+03 2.019117116412489921e+00
4.405000000000000000e+03 2.016350644978869067e+00
4.406000000000000000e+03 2.013587306943460664e+00
4.407000000000000000e+03 2.010826887184469669e+00
4.408000000000000000e+03 2.008076601676425543e+00
4.409000000000000000e+03 2.005328813076228123e+00
4.410000000000000000e+03 2.002590744760925023e+00
4.411000000000000000e+03 1.999854768058868526e+00
4.412000000000000000e+03 1.997120687922313342e+00
4.413000000000000000e+03 1.994395743534246535e+00
4.414000000000000000e+03 1.991679752194445374e+00
4.415000000000000000e+03 1.988965109881171589e+00
4.416000000000000000e+03 1.986251648483800869e+00
4.417000000000000000e+03 1.983554064651674720e+00
4.418000000000000000e+03 1.980849921802067204e+00
4.419000000000000000e+03 1.978161362392142575e+00
4.420000000000000000e+03 1.975468939429196213e+00
4.421000000000000000e+03 1.972785157463499139e+00
4.422000000000000000e+03 1.970106188585902585e+00
4.423000000000000000e+03 1.967432672030214214e+00
4.424000000000000000e+03 1.964763771659355340e+00
4.425000000000000000e+03 1.962100147416264928e+00
4.426000000000000000e+03 1.959440984037160938e+00
4.427000000000000000e+03 1.956786962388414652e+00
4.428000000000000000e+03 1.954137288065551870e+00
4.429000000000000000e+03 1.951493405451545593e+00
4.430000000000000000e+03 1.948853797699191981e+00
4.431000000000000000e+03 1.946219929185379671e+00
4.432000000000000000e+03 1.943591045388038285e+00
4.433000000000000000e+03 1.940967143899638980e+00
4.434000000000000000e+03 1.938348974053660134e+00
4.435000000000000000e+03 1.935736550838764947e+00
4.436000000000000000e+03 1.933129154443016251e+00
4.437000000000000000e+03 1.930527558268275268e+00
4.438000000000000000e+03 1.927931799903024990e+00
4.439000000000000000e+03 1.925341180573903577e+00
4.440000000000000000e+03 1.922756493080690188e+00
4.441000000000000000e+03 1.920177792703304132e+00
4.442000000000000000e+03 1.917605139438390616e+00
4.443000000000000000e+03 1.915037854557988251e+00
4.444000000000000000e+03 1.912476005672240298e+00
4.445000000000000000e+03 1.909921148960646464e+00
4.446000000000000000e+03 1.907371128731716770e+00
4.447000000000000000e+03 1.904828248026773974e+00
4.448000000000000000e+03 1.902291096871993936e+00
4.449000000000000000e+03 1.899759751584038314e+00
4.450000000000000000e+03 1.897235031423379903e+00
4.451000000000000000e+03 1.894717012154684133e+00
4.452000000000000000e+03 1.892204281898309137e+00
4.453000000000000000e+03 1.889699141440981833e+00
4.454000000000000000e+03 1.887199432978655445e+00
4.455000000000000000e+03 1.884706710986044476e+00
4.456000000000000000e+03 1.882220299268072550e+00
4.457000000000000000e+03 1.879740262081981417e+00
4.458000000000000000e+03 1.877265918300618841e+00
4.459000000000000000e+03 1.874798812638336143e+00
4.460000000000000000e+03 1.872336772909681146e+00
4.461000000000000000e+03 1.869882081206801994e+00
4.462000000000000000e+03 1.867432559924159463e+00
4.463000000000000000e+03 1.864989000205734992e+00
4.464000000000000000e+03 1.862551447917617287e+00
4.465000000000000000e+03 1.860119946679567926e+00
4.466000000000000000e+03 1.857693795273408055e+00
4.467000000000000000e+03 1.855274519270719846e+00
4.468000000000000000e+03 1.852860671516324276e+00
4.469000000000000000e+03 1.850452289505011949e+00
4.470000000000000000e+03 1.848050152947118274e+00
4.471000000000000000e+03 1.845653555694357628e+00
4.472000000000000000e+03 1.843262534701710420e+00
4.473000000000000000e+03 1.840877870505472691e+00
4.474000000000000000e+03 1.838497373543241276e+00
4.475000000000000000e+03 1.836122570176249802e+00
4.476000000000000000e+03 1.833753503358342973e+00
4.477000000000000000e+03 1.831388733152268244e+00
4.478000000000000000e+03 1.829029051418610718e+00
4.479000000000000000e+03 1.826674510981552757e+00
4.480000000000000000e+03 1.824324426122279075e+00
4.481000000000000000e+03 1.821979601560721918e+00
4.482000000000000000e+03 1.819638618734385149e+00
4.483000000000000000e+03 1.817303036072154043e+00
4.484000000000000000e+03 1.814972189547308767e+00
4.485000000000000000e+03 1.812646164381368274e+00
4.486000000000000000e+03 1.810323566865459810e+00
4.487000000000000000e+03 1.808005981656196193e+00
4.488000000000000000e+03 1.805692772172219795e+00
4.489000000000000000e+03 1.803383309295127912e+00
4.490000000000000000e+03 1.801078457187154980e+00
4.491000000000000000e+03 1.798777602048991398e+00
4.492000000000000000e+03 1.796480880671994518e+00
4.493000000000000000e+03 1.794187694763449192e+00
4.494000000000000000e+03 1.791898939395104140e+00
4.495000000000000000e+03 1.789614774390050123e+00
4.496000000000000000e+03 1.787333881328403651e+00
4.497000000000000000e+03 1.785058663183105354e+00
4.498000000000000000e+03 1.782786330042001044e+00
4.499000000000000000e+03 1.780519298494044556e+00
4.500000000000000000e+03 1.778256277260047202e+00
4.501000000000000000e+03 1.775998206894515707e+00
4.502000000000000000e+03 1.773743794580054489e+00
4.503000000000000000e+03 1.771493978440563888e+00
4.504000000000000000e+03 1.769248215459634288e+00
4.505000000000000000e+03 1.767006709463099901e+00
4.506000000000000000e+03 1.764769667737718484e+00
4.507000000000000000e+03 1.762537300466123336e+00
4.508000000000000000e+03 1.760309077311835502e+00
4.509000000000000000e+03 1.758085212499558292e+00
4.510000000000000000e+03 1.755865921384595074e+00
4.511000000000000000e+03 1.753651419856783855e+00
4.512000000000000000e+03 1.751441180913425155e+00
4.513000000000000000e+03 1.749235419745204245e+00
4.514000000000000000e+03 1.747034350330381347e+00
4.515000000000000000e+03 1.744837442046092368e+00
4.516000000000000000e+03 1.742644904806073702e+00
4.517000000000000000e+03 1.740456945718765525e+00
4.518000000000000000e+03 1.738273768609420289e+00
4.519000000000000000e+03 1.736094087904797467e+00
4.520000000000000000e+03 1.733919585233553162e+00
4.521000000000000000e+03 1.731748966374746734e+00
4.522000000000000000e+03 1.729583160772467654e+00
4.523000000000000000e+03 1.727420864238458309e+00
4.524000000000000000e+03 1.725263738554099202e+00
4.525000000000000000e+03 1.723111211428418166e+00
4.526000000000000000e+03 1.720963447688040437e+00
4.527000000000000000e+03 1.718819863503864065e+00
4.528000000000000000e+03 1.716680612005603290e+00
4.529000000000000000e+03 1.714545840437988966e+00
4.530000000000000000e+03 1.712415690197794715e+00
4.531000000000000000e+03 1.710289554081480867e+00
4.532000000000000000e+03 1.708167562080388446e+00
4.533000000000000000e+03 1.706049838713371125e+00
4.534000000000000000e+03 1.703935760397789378e+00
4.535000000000000000e+03 1.701826184197607450e+00
4.536000000000000000e+03 1.699720476760207655e+00
4.537000000000000000e+03 1.697618743128404883e+00
4.538000000000000000e+03 1.695521084240148690e+00
4.539000000000000000e+03 1.693427597286448316e+00
4.540000000000000000e+03 1.691337633254091699e+00
4.541000000000000000e+03 1.689251282989547409e+00
4.542000000000000000e+03 1.687168634769167008e+00
4.543000000000000000e+03 1.685089774712630994e+00
4.544000000000000000e+03 1.683014787200089346e+00
4.545000000000000000e+03 1.680942269618030505e+00
4.546000000000000000e+03 1.678873789781862191e+00
4.547000000000000000e+03 1.676807943659077482e+00
4.548000000000000000e+03 1.674745555605166913e+00
4.549000000000000000e+03 1.672685964564051275e+00
4.550000000000000000e+03 1.670629995763058151e+00
4.551000000000000000e+03 1.668576987229457798e+00
4.552000000000000000e+03 1.666527011172710626e+00
4.553000000000000000e+03 1.664479396021500524e+00
4.554000000000000000e+03 1.662435700485951351e+00
4.555000000000000000e+03 1.660394513925829152e+00
4.556000000000000000e+03 1.658356656372774074e+00
4.557000000000000000e+03 1.656320721660750062e+00
4.558000000000000000e+03 1.654288277373521687e+00
4.559000000000000000e+03 1.652258665062697363e+00
4.560000000000000000e+03 1.650231971611913595e+00
4.561000000000000000e+03 1.648207543550816334e+00
4.562000000000000000e+03 1.646186215505355710e+00
4.563000000000000000e+03 1.644167338763794950e+00
4.564000000000000000e+03 1.642151009650665960e+00
4.565000000000000000e+03 1.640137326523559480e+00
4.566000000000000000e+03 1.638125646735658192e+00
4.567000000000000000e+03 1.636117557740177419e+00
4.568000000000000000e+03 1.634110934143930605e+00
4.569000000000000000e+03 1.632107365763193929e+00
4.570000000000000000e+03 1.630106214623267880e+00
4.571000000000000000e+03 1.628108328791241677e+00
4.572000000000000000e+03 1.626112327838401983e+00
4.573000000000000000e+03 1.624119059472069804e+00
4.574000000000000000e+03 1.622127884969109646e+00
4.575000000000000000e+03 1.620140392949880992e+00
4.576000000000000000e+03 1.618154456291265308e+00
4.577000000000000000e+03 1.616171660067400984e+00
4.578000000000000000e+03 1.614191358461223968e+00
4.579000000000000000e+03 1.612213645700496745e+00
4.580000000000000000e+03 1.610237869991868687e+00
4.581000000000000000e+03 1.608264861641137022e+00
4.582000000000000000e+03 1.606293961342694976e+00
4.583000000000000000e+03 1.604325991166653420e+00
4.584000000000000000e+03 1.602360282885739950e+00
4.585000000000000000e+03 1.600396906170567624e+00
4.586000000000000000e+03 1.598436668304609620e+00
4.587000000000000000e+03 1.596479628256815886e+00
4.588000000000000000e+03 1.594525096453239810e+00
4.589000000000000000e+03 1.592573863084807639e+00
4.590000000000000000e+03 1.590625969436652687e+00
4.591000000000000000e+03 1.588681450591289179e+00
4.592000000000000000e+03 1.586739592494907702e+00
4.593000000000000000e+03 1.584801160398352726e+00
4.594000000000000000e+03 1.582865427487289089e+00
4.595000000000000000e+03 1.580933146226374708e+00
4.596000000000000000e+03 1.579003577057029872e+00
4.597000000000000000e+03 1.577076716973053072e+00
4.598000000000000000e+03 1.575152556787702496e+00
4.599000000000000000e+03 1.573231824101541276e+00
4.600000000000000000e+03 1.571313754958430620e+00
4.601000000000000000e+03 1.569398322164188286e+00
4.602000000000000000e+03 1.567486234376240795e+00
4.603000000000000000e+03 1.565577451792615093e+00
4.604000000000000000e+03 1.563670443947470901e+00
4.605000000000000000e+03 1.561766646994877661e+00
4.606000000000000000e+03 1.559866006987152387e+00
4.607000000000000000e+03 1.557967723010857952e+00
4.608000000000000000e+03 1.556072476002185789e+00
4.609000000000000000e+03 1.554179457723974034e+00
4.610000000000000000e+03 1.552288599591453044e+00
4.611000000000000000e+03 1.550401315828976889e+00
4.612000000000000000e+03 1.548516046779798039e+00
4.613000000000000000e+03 1.546632716231471250e+00
4.614000000000000000e+03 1.544752731724007511e+00
4.615000000000000000e+03 1.542875270673117249e+00
4.616000000000000000e+03 1.541000994831578152e+00
4.617000000000000000e+03 1.539128336386243578e+00
4.618000000000000000e+03 1.537258698058677986e+00
4.619000000000000000e+03 1.535391996332808429e+00
4.620000000000000000e+03 1.533527404507367242e+00
4.621000000000000000e+03 1.531664838562603714e+00
4.622000000000000000e+03 1.529804957334419013e+00
4.623000000000000000e+03 1.527947676994956483e+00
4.624000000000000000e+03 1.526092171179499690e+00
4.625000000000000000e+03 1.524238356758746749e+00
4.626000000000000000e+03 1.522387636751521667e+00
4.627000000000000000e+03 1.520538443367559500e+00
4.628000000000000000e+03 1.518691437881229067e+00
4.629000000000000000e+03 1.516846539296353713e+00
4.630000000000000000e+03 1.515003667162892587e+00
4.631000000000000000e+03 1.513163484371349954e+00
4.632000000000000000e+03 1.511324425751505052e+00
4.633000000000000000e+03 1.509488640671198700e+00
4.634000000000000000e+03 1.507653821752047429e+00
4.635000000000000000e+03 1.505821375938761753e+00
4.636000000000000000e+03 1.503991224523663295e+00
4.637000000000000000e+03 1.502163288673417751e+00
4.638000000000000000e+03 1.500336746439896007e+00
4.639000000000000000e+03 1.498513003937691712e+00
4.640000000000000000e+03 1.496691238164310267e+00
4.641000000000000000e+03 1.494871368166585057e+00
4.642000000000000000e+03 1.493054054864447755e+00
4.643000000000000000e+03 1.491239215204274604e+00
4.644000000000000000e+03 1.489426764819562932e+00
4.645000000000000000e+03 1.487617360695319579e+00
4.646000000000000000e+03 1.485810172498215564e+00
4.647000000000000000e+03 1.484005110924615733e+00
4.648000000000000000e+03 1.482202827553027236e+00
4.649000000000000000e+03 1.480403229037602575e+00
4.650000000000000000e+03 1.478606219819128098e+00
4.651000000000000000e+03 1.476812446486829078e+00
4.652000000000000000e+03 1.475020331252992145e+00
4.653000000000000000e+03 1.473231266809302831e+00
4.654000000000000000e+03 1.471445157617371935e+00
4.655000000000000000e+03 1.469661162699014145e+00
4.656000000000000000e+03 1.467880666949040958e+00
4.657000000000000000e+03 1.466102081280803437e+00
4.658000000000000000e+03 1.464326785315171131e+00
4.659000000000000000e+03 1.462554670397112400e+00
4.660000000000000000e+03 1.460784882474432278e+00
4.661000000000000000e+03 1.459018050664239619e+00
4.662000000000000000e+03 1.457254058824986931e+00
4.663000000000000000e+03 1.455493531319305589e+00
4.664000000000000000e+03 1.453735604616215760e+00
4.665000000000000000e+03 1.451980155916531068e+00
4.666000000000000000e+03 1.450227803285609074e+00
4.667000000000000000e+03 1.448478420126421362e+00
4.668000000000000000e+03 1.446731878167406116e+00
4.669000000000000000e+03 1.444988047622872473e+00
4.670000000000000000e+03 1.443247540194686929e+00
4.671000000000000000e+03 1.441510223573370997e+00
4.672000000000000000e+03 1.439775964448034129e+00
4.673000000000000000e+03 1.438044628681895976e+00
4.674000000000000000e+03 1.436316824323320640e+00
4.675000000000000000e+03 1.434591673274889123e+00
4.676000000000000000e+03 1.432869782804610193e+00
4.677000000000000000e+03 1.431151017207240583e+00
4.678000000000000000e+03 1.429434497965059281e+00
4.679000000000000000e+03 1.427721575241251317e+00
4.680000000000000000e+03 1.426011371015234896e+00
4.681000000000000000e+03 1.424304493393645066e+00
4.682000000000000000e+03 1.422600065395973834e+00
4.683000000000000000e+03 1.420898696409828466e+00
4.684000000000000000e+03 1.419200253789016486e+00
4.685000000000000000e+03 1.417503862945377557e+00
4.686000000000000000e+03 1.415810878767757908e+00
4.687000000000000000e+03 1.414121171514179931e+00
4.688000000000000000e+03 1.412433126866004196e+00
4.689000000000000000e+03 1.410748845815565256e+00
4.690000000000000000e+03 1.409067459181419624e+00
4.691000000000000000e+03 1.407388841802039492e+00
4.692000000000000000e+03 1.405712869709024426e+00
4.693000000000000000e+03 1.404040162959836469e+00
4.694000000000000000e+03 1.402370599956134223e+00
4.695000000000000000e+03 1.400704060258800343e+00
4.696000000000000000e+03 1.399040424560288320e+00
4.697000000000000000e+03 1.397379574650757794e+00
4.698000000000000000e+03 1.395722136214059717e+00
4.699000000000000000e+03 1.394066507444451819e+00
4.700000000000000000e+03 1.392414801680661451e+00
4.701000000000000000e+03 1.390764677983258757e+00
4.702000000000000000e+03 1.389118260536249538e+00
4.703000000000000000e+03 1.387474704820913507e+00
4.704000000000000000e+03 1.385833909936150521e+00
4.705000000000000000e+03 1.384195775722315336e+00
4.706000000000000000e+03 1.382560945559218046e+00
4.707000000000000000e+03 1.380930063499764104e+00
4.708000000000000000e+03 1.379302288574762780e+00
4.709000000000000000e+03 1.377677523280455896e+00
4.710000000000000000e+03 1.376055670733821401e+00
4.711000000000000000e+03 1.374438120341517688e+00
4.712000000000000000e+03 1.372822547962910811e+00
4.713000000000000000e+03 1.371211087113142879e+00
4.714000000000000000e+03 1.369602157805499099e+00
4.715000000000000000e+03 1.367997152103872516e+00
4.716000000000000000e+03 1.366394491490256824e+00
4.717000000000000000e+03 1.364795569601738867e+00
4.718000000000000000e+03 1.363199552451845431e+00
4.719000000000000000e+03 1.361606349846070207e+00
4.720000000000000000e+03 1.360017358300579460e+00
4.721000000000000000e+03 1.358431004123552999e+00
4.722000000000000000e+03 1.356848686193270037e+00
4.723000000000000000e+03 1.355269576217507765e+00
4.724000000000000000e+03 1.353693590182121209e+00
4.725000000000000000e+03 1.352121388463839446e+00
4.726000000000000000e+03 1.350552147440668094e+00
4.727000000000000000e+03 1.348985788113237660e+00
4.728000000000000000e+03 1.347423719056267677e+00
4.729000000000000000e+03 1.345864379523932230e+00
4.730000000000000000e+03 1.344307696572511812e+00
4.731000000000000000e+03 1.342755085168624740e+00
4.732000000000000000e+03 1.341204991282974213e+00
4.733000000000000000e+03 1.339658834666712428e+00
4.734000000000000000e+03 1.338115809095523634e+00
4.735000000000000000e+03 1.336575110954427270e+00
4.736000000000000000e+03 1.335038910647796451e+00
4.737000000000000000e+03 1.333504924307716832e+00
4.738000000000000000e+03 1.331975327861502967e+00
4.739000000000000000e+03 1.330447843045054146e+00
4.740000000000000000e+03 1.328924651443971428e+00
4.741000000000000000e+03 1.327404223315363563e+00
4.742000000000000000e+03 1.325887260260345313e+00
4.743000000000000000e+03 1.324373723862120267e+00
4.744000000000000000e+03 1.322863578484782421e+00
4.745000000000000000e+03 1.321356791222462634e+00
4.746000000000000000e+03 1.319853331834338173e+00
4.747000000000000000e+03 1.318353172666244300e+00
4.748000000000000000e+03 1.316857031393739108e+00
4.749000000000000000e+03 1.315363399578099779e+00
4.750000000000000000e+03 1.313873742395786692e+00
4.751000000000000000e+03 1.312387299410224806e+00
4.752000000000000000e+03 1.310904058005041062e+00
4.753000000000000000e+03 1.309424008177318299e+00
4.754000000000000000e+03 1.307947884479388589e+00
4.755000000000000000e+03 1.306474937358938160e+00
4.756000000000000000e+03 1.305005904340136524e+00
4.757000000000000000e+03 1.303540038523154143e+00
4.758000000000000000e+03 1.302077336928070261e+00
4.759000000000000000e+03 1.300618540335707340e+00
4.760000000000000000e+03 1.299163647461132332e+00
4.761000000000000000e+03 1.297711914802360145e+00
4.762000000000000000e+03 1.296264085000792488e+00
4.763000000000000000e+03 1.294820158199498916e+00
4.764000000000000000e+03 1.293379391916866572e+00
4.765000000000000000e+03 1.291942529436209020e+00
4.766000000000000000e+03 1.290508828363540861e+00
4.767000000000000000e+03 1.289079031879436066e+00
4.768000000000000000e+03 1.287653140160795795e+00
4.769000000000000000e+03 1.286231153159742124e+00
4.770000000000000000e+03 1.284812327729175863e+00
4.771000000000000000e+03 1.283396663271709981e+00
4.772000000000000000e+03 1.281984901737134974e+00
4.773000000000000000e+03 1.280577041968503638e+00
4.774000000000000000e+03 1.279173082572954590e+00
4.775000000000000000e+03 1.277772279141139444e+00
4.776000000000000000e+03 1.276374629990881804e+00
4.777000000000000000e+03 1.274980876258942963e+00
4.778000000000000000e+03 1.273591016341380167e+00
4.779000000000000000e+03 1.272204306020092934e+00
4.780000000000000000e+03 1.270821487111386983e+00
4.781000000000000000e+03 1.269441816283657154e+00
4.782000000000000000e+03 1.268066036569258426e+00
4.783000000000000000e+03 1.266692663373010008e+00
4.784000000000000000e+03 1.265323927346296173e+00
4.785000000000000000e+03 1.263957603404691321e+00
4.786000000000000000e+03 1.262594439287263670e+00
4.787000000000000000e+03 1.261235184430815170e+00
4.788000000000000000e+03 1.259879104515938542e+00
4.789000000000000000e+03 1.258525467354326244e+00
4.790000000000000000e+03 1.257175771608700421e+00
4.791000000000000000e+03 1.255829289993799280e+00
4.792000000000000000e+03 1.254485297986039249e+00
4.793000000000000000e+03 1.253144559689863824e+00
4.794000000000000000e+03 1.251807099518014832e+00
4.795000000000000000e+03 1.250472202364363961e+00
4.796000000000000000e+03 1.249140642266733048e+00
4.797000000000000000e+03 1.247812454042968922e+00
4.798000000000000000e+03 1.246486190578533382e+00
4.799000000000000000e+03 1.245164122774109927e+00
4.800000000000000000e+03 1.243844068441050332e+00
4.801000000000000000e+03 1.242527563026700976e+00
4.802000000000000000e+03 1.241213915414164370e+00
4.803000000000000000e+03 1.239903180825287610e+00
4.804000000000000000e+03 1.238594675651425447e+00
4.805000000000000000e+03 1.237289205916185075e+00
4.806000000000000000e+03 1.235986838700912527e+00
4.807000000000000000e+03 1.234687644884851165e+00
4.808000000000000000e+03 1.233390956189031273e+00
4.809000000000000000e+03 1.232096850699442969e+00
4.810000000000000000e+03 1.230806152696217515e+00
4.811000000000000000e+03 1.229518203953701372e+00
4.812000000000000000e+03 1.228233092028276241e+00
4.813000000000000000e+03 1.226950907185331507e+00
4.814000000000000000e+03 1.225671742142010023e+00
4.815000000000000000e+03 1.224395691792334429e+00
4.816000000000000000e+03 1.223122852917421177e+00
4.817000000000000000e+03 1.221852581047199626e+00
4.818000000000000000e+03 1.220586461486786289e+00
4.819000000000000000e+03 1.219322366314255612e+00
4.820000000000000000e+03 1.218061882403229435e+00
4.821000000000000000e+03 1.216805111247130533e+00
4.822000000000000000e+03 1.215550668628349928e+00
4.823000000000000000e+03 1.214300141300540758e+00
4.824000000000000000e+03 1.213052886820358056e+00
4.825000000000000000e+03 1.211808261737849834e+00
4.826000000000000000e+03 1.210567849798071860e+00
4.827000000000000000e+03 1.209330261805458662e+00
4.828000000000000000e+03 1.208096335194638993e+00
4.829000000000000000e+03 1.206866162435046075e+00
4.830000000000000000e+03 1.205638347960653833e+00
4.831000000000000000e+03 1.204415207803371191e+00
4.832000000000000000e+03 1.203194598220733047e+00
4.833000000000000000e+03 1.201977343885535676e+00
4.834000000000000000e+03 1.200764266413450798e+00
4.835000000000000000e+03 1.199553955755003454e+00
4.836000000000000000e+03 1.198347227133048865e+00
4.837000000000000000e+03 1.197144149661428569e+00
4.838000000000000000e+03 1.195944046334933786e+00
4.839000000000000000e+03 1.194746979721392988e+00
4.840000000000000000e+03 1.193553009180634783e+00
4.841000000000000000e+03 1.192362190949092238e+00
4.842000000000000000e+03 1.191174578255674632e+00
4.843000000000000000e+03 1.189990221467299270e+00
4.844000000000000000e+03 1.188808425427477555e+00
4.845000000000000000e+03 1.187629978162393130e+00
4.846000000000000000e+03 1.186454179766786687e+00
4.847000000000000000e+03 1.185281813993289246e+00
4.848000000000000000e+03 1.184111434347595804e+00
4.849000000000000000e+03 1.182943821387421268e+00
4.850000000000000000e+03 1.181779754522216619e+00
4.851000000000000000e+03 1.180617782590767995e+00
4.852000000000000000e+03 1.179458677494273910e+00
4.853000000000000000e+03 1.178302466896959055e+00
4.854000000000000000e+03 1.177148435800478232e+00
4.855000000000000000e+03 1.175997355389524435e+00
4.856000000000000000e+03 1.174849254864565262e+00
4.857000000000000000e+03 1.173702678939226418e+00
4.858000000000000000e+03 1.172559145174374651e+00
4.859000000000000000e+03 1.171417201609270098e+00
4.860000000000000000e+03 1.170278369738922519e+00
4.861000000000000000e+03 1.169141202112734979e+00
4.862000000000000000e+03 1.168005739602875348e+00
4.863000000000000000e+03 1.166872768804301908e+00
4.864000000000000000e+03 1.165741593738615300e+00
4.865000000000000000e+03 1.164613007375469911e+00
4.866000000000000000e+03 1.163486320443798849e+00
4.867000000000000000e+03 1.162361590055935423e+00
4.868000000000000000e+03 1.161238876959153288e+00
4.869000000000000000e+03 1.160118245587475005e+00
4.870000000000000000e+03 1.158999764078272543e+00
4.871000000000000000e+03 1.157883504253064633e+00
4.872000000000000000e+03 1.156768798727441983e+00
4.873000000000000000e+03 1.155656469324956914e+00
4.874000000000000000e+03 1.154545112775037907e+00
4.875000000000000000e+03 1.153436300396833092e+00
4.876000000000000000e+03 1.152329378058490672e+00
4.877000000000000000e+03 1.151223694454489355e+00
4.878000000000000000e+03 1.150120086516813300e+00
4.879000000000000000e+03 1.149018650622447346e+00
4.880000000000000000e+03 1.147919485114049287e+00
4.881000000000000000e+03 1.146821947126520858e+00
4.882000000000000000e+03 1.145726880731934294e+00
4.883000000000000000e+03 1.144634388055814744e+00
4.884000000000000000e+03 1.143543828882783053e+00
4.885000000000000000e+03 1.142456048755133846e+00
4.886000000000000000e+03 1.141369664381968185e+00
4.887000000000000000e+03 1.140287005898332096e+00
4.888000000000000000e+03 1.139205945256845487e+00
4.889000000000000000e+03 1.138127324156419595e+00
4.890000000000000000e+03 1.137051239450764140e+00
4.891000000000000000e+03 1.135977785575867705e+00
4.892000000000000000e+03 1.134907054154290051e+00
4.893000000000000000e+03 1.133838390780819827e+00
4.894000000000000000e+03 1.132772623166135029e+00
4.895000000000000000e+03 1.131709089458256656e+00
4.896000000000000000e+03 1.130648609268535054e+00
4.897000000000000000e+03 1.129590512045666184e+00
4.898000000000000000e+03 1.128534865324787306e+00
4.899000000000000000e+03 1.127481731669478737e+00
4.900000000000000000e+03 1.126431168482903145e+00
4.901000000000000000e+03 1.125383227431213884e+00
4.902000000000000000e+03 1.124337953055806860e+00
4.903000000000000000e+03 1.123295383970493333e+00
4.904000000000000000e+03 1.122255553249248639e+00
4.905000000000000000e+03 1.121218488429895244e+00
4.906000000000000000e+03 1.120183468722343978e+00
4.907000000000000000e+03 1.119151253596816220e+00
4.908000000000000000e+03 1.118121111565909098e+00
4.909000000000000000e+03 1.117093791684866444e+00
4.910000000000000000e+03 1.116068552408489678e+00
4.911000000000000000e+03 1.115046133163165809e+00
4.912000000000000000e+03 1.114025783272208692e+00
4.913000000000000000e+03 1.113007490756936502e+00
4.914000000000000000e+03 1.111991239826406908e+00
4.915000000000000000e+03 1.110977754062776768e+00
4.916000000000000000e+03 1.109965525454069013e+00
4.917000000000000000e+03 1.108956014632003217e+00
4.918000000000000000e+03 1.107947708600327097e+00
4.919000000000000000e+03 1.106942063836472201e+00
4.920000000000000000e+03 1.105937564041462373e+00
4.921000000000000000e+03 1.104935663255929734e+00
4.922000000000000000e+03 1.103934843616798611e+00
4.923000000000000000e+03 1.102935815637558603e+00
4.924000000000000000e+03 1.101939290131910054e+00
4.925000000000000000e+03 1.100943750128228205e+00
4.926000000000000000e+03 1.099949908285267064e+00
4.927000000000000000e+03 1.098956993106274371e+00
4.928000000000000000e+03 1.097966463482896726e+00
4.929000000000000000e+03 1.096976809195538083e+00
4.930000000000000000e+03 1.095988008242416267e+00
4.931000000000000000e+03 1.095001527129556340e+00
4.932000000000000000e+03 1.094015121283872460e+00
4.933000000000000000e+03 1.093031006462751975e+00
4.934000000000000000e+03 1.092047687757376817e+00
4.935000000000000000e+03 1.091065159589113209e+00
4.936000000000000000e+03 1.090084162986648453e+00
4.937000000000000000e+03 1.089104699988973524e+00
4.938000000000000000e+03 1.088126033677691229e+00
4.939000000000000000e+03 1.087148173838923038e+00
4.940000000000000000e+03 1.086172619750013890e+00
4.941000000000000000e+03 1.085197160245915393e+00
4.942000000000000000e+03 1.084224044776905593e+00
4.943000000000000000e+03 1.083251069222851415e+00
4.944000000000000000e+03 1.082279746876299242e+00
4.945000000000000000e+03 1.081310108360758138e+00
4.946000000000000000e+03 1.080341444196527556e+00
4.947000000000000000e+03 1.079373790171315850e+00
4.948000000000000000e+03 1.078407927013332213e+00
4.949000000000000000e+03 1.077443151534910104e+00
4.950000000000000000e+03 1.076480247599505224e+00
4.951000000000000000e+03 1.075518514074531362e+00
4.952000000000000000e+03 1.074557991982396876e+00
4.953000000000000000e+03 1.073599465031917610e+00
4.954000000000000000e+03 1.072642231004966362e+00
4.955000000000000000e+03 1.071687072668753959e+00
4.956000000000000000e+03 1.070733286007818252e+00
4.957000000000000000e+03 1.069780908305200340e+00
4.958000000000000000e+03 1.068830717726016122e+00
4.959000000000000000e+03 1.067882747242521191e+00
4.960000000000000000e+03 1.066937027078680655e+00
4.961000000000000000e+03 1.065992098668304910e+00
4.962000000000000000e+03 1.065050214149872332e+00
4.963000000000000000e+03 1.064109907690399703e+00
4.964000000000000000e+03 1.063171195032331484e+00
4.965000000000000000e+03 1.062234830389936935e+00
4.966000000000000000e+03 1.061300820543810142e+00
4.967000000000000000e+03 1.060367681804013973e+00
4.968000000000000000e+03 1.059436896854965449e+00
4.969000000000000000e+03 1.058508457617835186e+00
4.970000000000000000e+03 1.057581607996423312e+00
4.971000000000000000e+03 1.056657072332736869e+00
4.972000000000000000e+03 1.055734826892196443e+00
4.973000000000000000e+03 1.054814099893993662e+00
4.974000000000000000e+03 1.053895600085923867e+00
4.975000000000000000e+03 1.052979288348115938e+00
4.976000000000000000e+03 1.052065120674950505e+00
4.977000000000000000e+03 1.051153048358562048e+00
4.978000000000000000e+03 1.050242275372040845e+00
4.979000000000000000e+03 1.049334229961742304e+00
4.980000000000000000e+03 1.048427365084164453e+00
4.981000000000000000e+03 1.047523101397406453e+00
4.982000000000000000e+03 1.046619884917556309e+00
4.983000000000000000e+03 1.045719130058393453e+00
4.984000000000000000e+03 1.044820020165210472e+00
4.985000000000000000e+03 1.043921736415487800e+00
4.986000000000000000e+03 1.043026429567394109e+00
4.987000000000000000e+03 1.042131792027132464e+00
4.988000000000000000e+03 1.041239229458176707e+00
4.989000000000000000e+03 1.040347175691692216e+00
4.990000000000000000e+03 1.039457778666307508e+00
4.991000000000000000e+03 1.038568729662247003e+00
4.992000000000000000e+03 1.037681434897512744e+00
4.993000000000000000e+03 1.036795073246463916e+00
4.994000000000000000e+03 1.035910310798748846e+00
4.995000000000000000e+03 1.035026329884043417e+00
4.996000000000000000e+03 1.034143057920745123e+00
4.997000000000000000e+03 1.033261167735229691e+00
4.998000000000000000e+03 1.032379849349067458e+00
4.999000000000000000e+03 1.031499781582730924e+00
5.000000000000000000e+03 1.030620160947190112e+00
5.001000000000000000e+03 1.029741674554311759e+00
5.002000000000000000e+03 1.028863533054848345e+00
5.003000000000000000e+03 1.027987180829290859e+00
5.004000000000000000e+03 1.027110352029441342e+00
5.005000000000000000e+03 1.026235241819674737e+00
5.006000000000000000e+03 1.025361078045663010e+00
5.007000000000000000e+03 1.024487092556736645e+00
5.008000000000000000e+03 1.023614006821699007e+00
5.009000000000000000e+03 1.022742546169049360e+00
5.010000000000000000e+03 1.021871211158493553e+00
5.011000000000000000e+03 1.021000734433576529e+00
5.012000000000000000e+03 1.020131852029332320e+00
5.013000000000000000e+03 1.019263817484758805e+00
5.014000000000000000e+03 1.018395887268934041e+00
5.015000000000000000e+03 1.017529549017927692e+00
5.016000000000000000e+03 1.016664807069289633e+00
5.017000000000000000e+03 1.015800182153280051e+00
5.018000000000000000e+03 1.014937168078243079e+00
5.019000000000000000e+03 1.014075774383045303e+00
5.020000000000000000e+03 1.013214525990135728e+00
5.021000000000000000e+03 1.012355662697782099e+00
5.022000000000000000e+03 1.011497710474280609e+00
5.023000000000000000e+03 1.010640680947774595e+00
5.024000000000000000e+03 1.009785328220183631e+00
5.025000000000000000e+03 1.008931662853029154e+00
5.026000000000000000e+03 1.008079694368908985e+00
5.027000000000000000e+03 1.007228688096584390e+00
5.028000000000000000e+03 1.006379393371843012e+00
5.029000000000000000e+03 1.005531814748361841e+00
5.030000000000000000e+03 1.004685954569751960e+00
5.031000000000000000e+03 1.003841812730873695e+00
5.032000000000000000e+03 1.002998643630738540e+00
5.033000000000000000e+03 1.002157927327880893e+00
5.034000000000000000e+03 1.001318912376351511e+00
5.035000000000000000e+03 1.000481587041930354e+00
5.036000000000000000e+03 9.996459363762610906e-01
5.037000000000000000e+03 9.988126849935066165e-01
5.038000000000000000e+03 9.979803257048897036e-01
5.039000000000000000e+03 9.971503193728721293e-01
5.040000000000000000e+03 9.963226379421528112e-01
5.041000000000000000e+03 9.954965073494828065e-01
5.042000000000000000e+03 9.946718933000576746e-01
5.043000000000000000e+03 9.938487585700344074e-01
5.044000000000000000e+03 9.930285488435118824e-01
5.045000000000000000e+03 9.922089930621045273e-01
5.046000000000000000e+03 9.913922748316477129e-01
5.047000000000000000e+03 9.905768614817647144e-01
5.048000000000000000e+03 9.897627041777286028e-01
5.049000000000000000e+03 9.889504953716597990e-01
5.050000000000000000e+03 9.881401834350438396e-01
5.051000000000000000e+03 9.873309729747798968e-01
5.052000000000000000e+03 9.865235536657268600e-01
5.053000000000000000e+03 9.857171292454943723e-01
5.054000000000000000e+03 9.849123891946851561e-01
5.055000000000000000e+03 9.841092805730150550e-01
5.056000000000000000e+03 9.833070083599761979e-01
5.057000000000000000e+03 9.825062642956241543e-01
5.058000000000000000e+03 9.817062558691486140e-01
5.059000000000000000e+03 9.809076779768115539e-01
5.060000000000000000e+03 9.801097418873000455e-01
5.061000000000000000e+03 9.793131468708120568e-01
5.062000000000000000e+03 9.785178519649369022e-01
5.063000000000000000e+03 9.777230762250468388e-01
5.064000000000000000e+03 9.769295274566704990e-01
5.065000000000000000e+03 9.761364310781496245e-01
5.066000000000000000e+03 9.753445016369850507e-01
5.067000000000000000e+03 9.745537144531216667e-01
5.068000000000000000e+03 9.737633057383501267e-01
5.069000000000000000e+03 9.729732583556275349e-01
5.070000000000000000e+03 9.721850447127690087e-01
5.071000000000000000e+03 9.713964269450381384e-01
5.072000000000000000e+03 9.706096280972333901e-01
5.073000000000000000e+03 9.698231609039809076e-01
5.074000000000000000e+03 9.690377704054361496e-01
5.075000000000000000e+03 9.682527196780253975e-01
5.076000000000000000e+03 9.674680182165928954e-01
5.077000000000000000e+03 9.666851646194173364e-01
5.078000000000000000e+03 9.659026894016179421e-01
5.079000000000000000e+03 9.651206118054975747e-01
5.080000000000000000e+03 9.643396967431108191e-01
5.081000000000000000e+03 9.635599688834605159e-01
5.082000000000000000e+03 9.627814552276653393e-01
5.083000000000000000e+03 9.620026991630381552e-01
5.084000000000000000e+03 9.612259600199105636e-01
5.085000000000000000e+03 9.604497844229190617e-01
5.086000000000000000e+03 9.596749486649328587e-01
5.087000000000000000e+03 9.589007442214584342e-01
5.088000000000000000e+03 9.581279487780495208e-01
5.089000000000000000e+03 9.573558545786929885e-01
5.090000000000000000e+03 9.565852394575427020e-01
5.091000000000000000e+03 9.558161380327885315e-01
5.092000000000000000e+03 9.550478414134762062e-01
5.093000000000000000e+03 9.542811254237076879e-01
5.094000000000000000e+03 9.535152789953172947e-01
5.095000000000000000e+03 9.527510752568736363e-01
5.096000000000000000e+03 9.519885427957669455e-01
5.097000000000000000e+03 9.512269654455937085e-01
5.098000000000000000e+03 9.504671106005531112e-01
5.099000000000000000e+03 9.497082577077256005e-01
5.100000000000000000e+03 9.489511694645773598e-01
5.101000000000000000e+03 9.481958624749305953e-01
5.102000000000000000e+03 9.474416049939795581e-01
5.103000000000000000e+03 9.466891475340701856e-01
5.104000000000000000e+03 9.459377522097084379e-01
5.105000000000000000e+03 9.451881640688748476e-01
5.106000000000000000e+03 9.444403826056956275e-01
5.107000000000000000e+03 9.436936618054565518e-01
5.108000000000000000e+03 9.429487387202635240e-01
5.109000000000000000e+03 9.422048622248573313e-01
5.110000000000000000e+03 9.414627644764951286e-01
5.111000000000000000e+03 9.407216897171558623e-01
5.112000000000000000e+03 9.399831086122093504e-01
5.113000000000000000e+03 9.392447757528714636e-01
5.114000000000000000e+03 9.385089010418469213e-01
5.115000000000000000e+03 9.377739787236191171e-01
5.116000000000000000e+03 9.370399874586690103e-01
5.117000000000000000e+03 9.363076477286821353e-01
5.118000000000000000e+03 9.355769364150144929e-01
5.119000000000000000e+03 9.348470870543665878e-01
5.120000000000000000e+03 9.341188186027870044e-01
5.121000000000000000e+03 9.333921071915038947e-01
5.122000000000000000e+03 9.326661863868639379e-01
5.123000000000000000e+03 9.319417759523613842e-01
5.124000000000000000e+03 9.312181107595605134e-01
5.125000000000000000e+03 9.304959123719650504e-01
5.126000000000000000e+03 9.297744179384120899e-01
5.127000000000000000e+03 9.290536089199042946e-01
5.128000000000000000e+03 9.283342112974299898e-01
5.129000000000000000e+03 9.276162100944316258e-01
5.130000000000000000e+03 9.268981067169228538e-01
5.131000000000000000e+03 9.261813761202269957e-01
5.132000000000000000e+03 9.254660099359650616e-01
5.133000000000000000e+03 9.247512594230244964e-01
5.134000000000000000e+03 9.240371212323227335e-01
5.135000000000000000e+03 9.233235946442422959e-01
5.136000000000000000e+03 9.226106816183420323e-01
5.137000000000000000e+03 9.218991296555070214e-01
5.138000000000000000e+03 9.211882032973449652e-01
5.139000000000000000e+03 9.204779126130101519e-01
5.140000000000000000e+03 9.197682703242932023e-01
5.141000000000000000e+03 9.190600345791902770e-01
5.142000000000000000e+03 9.183517375298396734e-01
5.143000000000000000e+03 9.176448850762579657e-01
5.144000000000000000e+03 9.169380140667723333e-01
5.145000000000000000e+03 9.162326348413379895e-01
5.146000000000000000e+03 9.155272883995131394e-01
5.147000000000000000e+03 9.148234889147897064e-01
5.148000000000000000e+03 9.141205237115479498e-01
5.149000000000000000e+03 9.134176815819088358e-01
5.150000000000000000e+03 9.127157382592078205e-01
5.151000000000000000e+03 9.120154705448574317e-01
5.152000000000000000e+03 9.113154275957975337e-01
5.153000000000000000e+03 9.106163877245454508e-01
5.154000000000000000e+03 9.099183868483975424e-01
5.155000000000000000e+03 9.092207182805522869e-01
5.156000000000000000e+03 9.085249038640011987e-01
5.157000000000000000e+03 9.078294939259603513e-01
5.158000000000000000e+03 9.071352669289037829e-01
5.159000000000000000e+03 9.064422579456764550e-01
5.160000000000000000e+03 9.057497584843094973e-01
5.161000000000000000e+03 9.050585448297731039e-01
5.162000000000000000e+03 9.043679065533197781e-01
5.163000000000000000e+03 9.036793605512992711e-01
5.164000000000000000e+03 9.029914510785327364e-01
5.165000000000000000e+03 9.023042066531837824e-01
5.166000000000000000e+03 9.016183971325477664e-01
5.167000000000000000e+03 9.009333051364735168e-01
5.168000000000000000e+03 9.002496973327807073e-01
5.169000000000000000e+03 8.995675958953646134e-01
5.170000000000000000e+03 8.988862784846527454e-01
5.171000000000000000e+03 8.982057639154663597e-01
5.172000000000000000e+03 8.975268121714585767e-01
5.173000000000000000e+03 8.968486959313356488e-01
5.174000000000000000e+03 8.961714291200012505e-01
5.175000000000000000e+03 8.954957669703226264e-01
5.176000000000000000e+03 8.948209775929596432e-01
5.177000000000000000e+03 8.941478134041731529e-01
5.178000000000000000e+03 8.934755398850786623e-01
5.179000000000000000e+03 8.928041641960984265e-01
5.180000000000000000e+03 8.921336924598373130e-01
5.181000000000000000e+03 8.914641298865798591e-01
5.182000000000000000e+03 8.907962237405315786e-01
5.183000000000000000e+03 8.901292349697158546e-01
5.184000000000000000e+03 8.894624240142516847e-01
5.185000000000000000e+03 8.887980222852362999e-01
5.186000000000000000e+03 8.881338039530172201e-01
5.187000000000000000e+03 8.874705144338844720e-01
5.188000000000000000e+03 8.868081563477617779e-01
5.189000000000000000e+03 8.861467324810506918e-01
5.190000000000000000e+03 8.854862459084503756e-01
5.191000000000000000e+03 8.848274429418270248e-01
5.192000000000000000e+03 8.841688418956422657e-01
5.193000000000000000e+03 8.835111901923162758e-01
5.194000000000000000e+03 8.828544931071280466e-01
5.195000000000000000e+03 8.821987566764547539e-01
5.196000000000000000e+03 8.815432449237952106e-01
5.197000000000000000e+03 8.808894512481081351e-01
5.198000000000000000e+03 8.802358986139261487e-01
5.199000000000000000e+03 8.795840822533637082e-01
5.200000000000000000e+03 8.789325269942329655e-01
5.201000000000000000e+03 8.782812442653283869e-01
5.202000000000000000e+03 8.776317320781038545e-01
5.203000000000000000e+03 8.769825179854005004e-01
5.204000000000000000e+03 8.763343588832790410e-01
5.205000000000000000e+03 8.756865267806611675e-01
5.206000000000000000e+03 8.750397800731919418e-01
5.207000000000000000e+03 8.743941349612637248e-01
5.208000000000000000e+03 8.737488653648486370e-01
5.209000000000000000e+03 8.731047313340634108e-01
5.210000000000000000e+03 8.724610076081177334e-01
5.211000000000000000e+03 8.718184550377288122e-01
5.212000000000000000e+03 8.711770925367702256e-01
5.213000000000000000e+03 8.705354535633764712e-01
5.214000000000000000e+03 8.698957856577955727e-01
5.215000000000000000e+03 8.692566219735702315e-01
5.216000000000000000e+03 8.686179810049509120e-01
5.217000000000000000e+03 8.679798808001144561e-01
5.218000000000000000e+03 8.673430816829058587e-01
5.219000000000000000e+03 8.667068576380771994e-01
5.220000000000000000e+03 8.660719675473808055e-01
5.221000000000000000e+03 8.654376837515852516e-01
5.222000000000000000e+03 8.648040204651310514e-01
5.223000000000000000e+03 8.641709908583030675e-01
5.224000000000000000e+03 8.635386069843972168e-01
5.225000000000000000e+03 8.629076225506739917e-01
5.226000000000000000e+03 8.622773043598773723e-01
5.227000000000000000e+03 8.616476607726264447e-01
5.228000000000000000e+03 8.610186988406544062e-01
5.229000000000000000e+03 8.603911671212921553e-01
5.230000000000000000e+03 8.597635843280923007e-01
5.231000000000000000e+03 8.591366963431166237e-01
5.232000000000000000e+03 8.585112477248663110e-01
5.233000000000000000e+03 8.578857532270369735e-01
5.234000000000000000e+03 8.572616976776574749e-01
5.235000000000000000e+03 8.566375933431631395e-01
5.236000000000000000e+03 8.560149226611269979e-01
5.237000000000000000e+03 8.553929384569173289e-01
5.238000000000000000e+03 8.547708925172492478e-01
5.239000000000000000e+03 8.541502641712620525e-01
5.240000000000000000e+03 8.535303033611726375e-01
5.241000000000000000e+03 8.529110020682706406e-01
5.242000000000000000e+03 8.522930944022085731e-01
5.243000000000000000e+03 8.516750853523622489e-01
5.244000000000000000e+03 8.510584507259747467e-01
5.245000000000000000e+03 8.504424373958058281e-01
5.246000000000000000e+03 8.498270347321876805e-01
5.247000000000000000e+03 8.492129746924541589e-01
5.248000000000000000e+03 8.485987605677129952e-01
5.249000000000000000e+03 8.479858669096029811e-01
5.250000000000000000e+03 8.473742825972250259e-01
5.251000000000000000e+03 8.467625109076153400e-01
5.252000000000000000e+03 8.461520265894094672e-01
5.253000000000000000e+03 8.455428189084551738e-01
5.254000000000000000e+03 8.449333916951790036e-01
5.255000000000000000e+03 8.443259632278072857e-01
5.256000000000000000e+03 8.437182950762683875e-01
5.257000000000000000e+03 8.431118633063012791e-01
5.258000000000000000e+03 8.425059158086636302e-01
5.259000000000000000e+03 8.419011864735379547e-01
5.260000000000000000e+03 8.412976666744735876e-01
5.261000000000000000e+03 8.406938624131421456e-01
5.262000000000000000e+03 8.400919941343503172e-01
5.263000000000000000e+03 8.394905683369268123e-01
5.264000000000000000e+03 8.388895773714314386e-01
5.265000000000000000e+03 8.382897565497501313e-01
5.266000000000000000e+03 8.376910984126083592e-01
5.267000000000000000e+03 8.370928526610151854e-01
5.268000000000000000e+03 8.364957545871775091e-01
5.269000000000000000e+03 8.358990536561821116e-01
5.270000000000000000e+03 8.353034847644178473e-01
5.271000000000000000e+03 8.347090396510989940e-01
5.272000000000000000e+03 8.341149668131000450e-01
5.273000000000000000e+03 8.335219999261840318e-01
5.274000000000000000e+03 8.329301292563533465e-01
5.275000000000000000e+03 8.323393444149179698e-01
5.276000000000000000e+03 8.317488914466245609e-01
5.277000000000000000e+03 8.311595012631636248e-01
5.278000000000000000e+03 8.305711610725469152e-01
5.279000000000000000e+03 8.299838571557284217e-01
5.280000000000000000e+03 8.293975748165025585e-01
5.281000000000000000e+03 8.288115555047949057e-01
5.282000000000000000e+03 8.282265252906830799e-01
5.283000000000000000e+03 8.276424663387118574e-01
5.284000000000000000e+03 8.270601025677081219e-01
5.285000000000000000e+03 8.264771854784187521e-01
5.286000000000000000e+03 8.258959225173628793e-01
5.287000000000000000e+03 8.253155487533976320e-01
5.288000000000000000e+03 8.247360410912372153e-01
5.289000000000000000e+03 8.241573754877685731e-01
5.290000000000000000e+03 8.235795270152923564e-01
5.291000000000000000e+03 8.230017271012819435e-01
5.292000000000000000e+03 8.224254349552878596e-01
5.293000000000000000e+03 8.218498806556021608e-01
5.294000000000000000e+03 8.212750365967420585e-01
5.295000000000000000e+03 8.207008747707288387e-01
5.296000000000000000e+03 8.201273668914881299e-01
5.297000000000000000e+03 8.195544845265539946e-01
5.298000000000000000e+03 8.189829420695700080e-01
5.299000000000000000e+03 8.184112255424154103e-01
5.300000000000000000e+03 8.178407925857235083e-01
5.301000000000000000e+03 8.172708727610152879e-01
5.302000000000000000e+03 8.167014390386435618e-01
5.303000000000000000e+03 8.161324651090017257e-01
5.304000000000000000e+03 8.155646683617882031e-01
5.305000000000000000e+03 8.149972815208085253e-01
5.306000000000000000e+03 8.144302812830658267e-01
5.307000000000000000e+03 8.138636456108151451e-01
5.308000000000000000e+03 8.132980966849292503e-01
5.309000000000000000e+03 8.127328725084025374e-01
5.310000000000000000e+03 8.121686983436122720e-01
5.311000000000000000e+03 8.116040726219234669e-01
5.312000000000000000e+03 8.110404668598372169e-01
5.313000000000000000e+03 8.104778687053152408e-01
5.314000000000000000e+03 8.099155248139001673e-01
5.315000000000000000e+03 8.093534265432672514e-01
5.316000000000000000e+03 8.087923099612135402e-01
5.317000000000000000e+03 8.082314273313025987e-01
5.318000000000000000e+03 8.076715184257093894e-01
5.319000000000000000e+03 8.071125819759641384e-01
5.320000000000000000e+03 8.065531327755458557e-01
5.321000000000000000e+03 8.059954014455267268e-01
5.322000000000000000e+03 8.054379059880234504e-01
5.323000000000000000e+03 8.048806515183606347e-01
5.324000000000000000e+03 8.043243873018651735e-01
5.325000000000000000e+03 8.037691209404304038e-01
5.326000000000000000e+03 8.032141182161215420e-01
5.327000000000000000e+03 8.026601314266617049e-01
5.328000000000000000e+03 8.021064278655478663e-01
5.329000000000000000e+03 8.015545038070877037e-01
5.330000000000000000e+03 8.010028844635735945e-01
5.331000000000000000e+03 8.004515807915620895e-01
5.332000000000000000e+03 7.999020892746921962e-01
5.333000000000000000e+03 7.993529346767576094e-01
5.334000000000000000e+03 7.988048697007388288e-01
5.335000000000000000e+03 7.982571606116447560e-01
5.336000000000000000e+03 7.977113012040648599e-01
5.337000000000000000e+03 7.971658127547830430e-01
5.338000000000000000e+03 7.966214436727226955e-01
5.339000000000000000e+03 7.960781979728066560e-01
5.340000000000000000e+03 7.955360779355077350e-01
5.341000000000000000e+03 7.949950839440953487e-01
5.342000000000000000e+03 7.944544715013454050e-01
5.343000000000000000e+03 7.939157224368481591e-01
5.344000000000000000e+03 7.933773449467779182e-01
5.345000000000000000e+03 7.928408161773674578e-01
5.346000000000000000e+03 7.923046394677968340e-01
5.347000000000000000e+03 7.917695441393779454e-01
5.348000000000000000e+03 7.912362569557405134e-01
5.349000000000000000e+03 7.907032736054979694e-01
5.350000000000000000e+03 7.901716128565323682e-01
5.351000000000000000e+03 7.896410281303172241e-01
5.352000000000000000e+03 7.891114189444156102e-01
5.353000000000000000e+03 7.885829052741992751e-01
5.354000000000000000e+03 7.880553076693381787e-01
5.355000000000000000e+03 7.875287416439892274e-01
5.356000000000000000e+03 7.870030978353612650e-01
5.357000000000000000e+03 7.864783393008381029e-01
5.358000000000000000e+03 7.859545759828545641e-01
5.359000000000000000e+03 7.854316192069378255e-01
5.360000000000000000e+03 7.849095018804483903e-01
5.361000000000000000e+03 7.843882558707342412e-01
5.362000000000000000e+03 7.838677636786476333e-01
5.363000000000000000e+03 7.833480558232864821e-01
5.364000000000000000e+03 7.828290882505196668e-01
5.365000000000000000e+03 7.823107425975168727e-01
5.366000000000000000e+03 7.817931235951696145e-01
5.367000000000000000e+03 7.812761136369569259e-01
5.368000000000000000e+03 7.807597444649004848e-01
5.369000000000000000e+03 7.802439003012936469e-01
5.370000000000000000e+03 7.797286152421475380e-01
5.371000000000000000e+03 7.792138506585269964e-01
5.372000000000000000e+03 7.786996440050732993e-01
5.373000000000000000e+03 7.781858119148810093e-01
5.374000000000000000e+03 7.776725446822831955e-01
5.375000000000000000e+03 7.771596636258890634e-01
5.376000000000000000e+03 7.766471412527771179e-01
5.377000000000000000e+03 7.761351014184560970e-01
5.378000000000000000e+03 7.756234480474109017e-01
5.379000000000000000e+03 7.751122366662365204e-01
5.380000000000000000e+03 7.746013773608607655e-01
5.381000000000000000e+03 7.740909319771429598e-01
5.382000000000000000e+03 7.735808170276090578e-01
5.383000000000000000e+03 7.730711751235479490e-01
5.384000000000000000e+03 7.725619292623808754e-01
5.385000000000000000e+03 7.720531542069088982e-01
5.386000000000000000e+03 7.715447792866945154e-01
5.387000000000000000e+03 7.710368854419439311e-01
5.388000000000000000e+03 7.705294822575163849e-01
5.389000000000000000e+03 7.700225821068078513e-01
5.390000000000000000e+03 7.695161999890227644e-01
5.391000000000000000e+03 7.690104276281806150e-01
5.392000000000000000e+03 7.685052847013087440e-01
5.393000000000000000e+03 7.680007186154946819e-01
5.394000000000000000e+03 7.674968271181074053e-01
5.395000000000000000e+03 7.669937094759214924e-01
5.396000000000000000e+03 7.664912433577000250e-01
5.397000000000000000e+03 7.659896788255662337e-01
5.398000000000000000e+03 7.654888952158068749e-01
5.399000000000000000e+03 7.649889951173723945e-01
5.400000000000000000e+03 7.644900069461300074e-01
5.401000000000000000e+03 7.639919589366066521e-01
5.402000000000000000e+03 7.634948788527318175e-01
5.403000000000000000e+03 7.629988679877223179e-01
5.404000000000000000e+03 7.625039523207749470e-01
5.405000000000000000e+03 7.620100822515845085e-01
5.406000000000000000e+03 7.615172809141690369e-01
5.407000000000000000e+03 7.610256439391320793e-01
5.408000000000000000e+03 7.605350420987987414e-01
5.409000000000000000e+03 7.600456410904634641e-01
5.410000000000000000e+03 7.595573070877660316e-01
5.411000000000000000e+03 7.590701265679530296e-01
5.412000000000000000e+03 7.585841833281223856e-01
5.413000000000000000e+03 7.580992612435074607e-01
5.414000000000000000e+03 7.576155870216596533e-01
5.415000000000000000e+03 7.571330130303518535e-01
5.416000000000000000e+03 7.566515372565333353e-01
5.417000000000000000e+03 7.561711547423383140e-01
5.418000000000000000e+03 7.556919318997761259e-01
5.419000000000000000e+03 7.552137837194847769e-01
5.420000000000000000e+03 7.547366967088136036e-01
5.421000000000000000e+03 7.542606547223973390e-01
5.422000000000000000e+03 7.537856391026622749e-01
5.423000000000000000e+03 7.533116288452330611e-01
5.424000000000000000e+03 7.528385265044187369e-01
5.425000000000000000e+03 7.523663812543416318e-01
5.426000000000000000e+03 7.518951662694853821e-01
5.427000000000000000e+03 7.514247789736023808e-01
5.428000000000000000e+03 7.509551898714165175e-01
5.429000000000000000e+03 7.504864428270197063e-01
5.430000000000000000e+03 7.500183582191977116e-01
5.431000000000000000e+03 7.495510532237229517e-01
5.432000000000000000e+03 7.490844221326028451e-01
5.433000000000000000e+03 7.486184337944354894e-01
5.434000000000000000e+03 7.481529833546650687e-01
5.435000000000000000e+03 7.476881896941495187e-01
5.436000000000000000e+03 7.472238757435923917e-01
5.437000000000000000e+03 7.467600144762575054e-01
5.438000000000000000e+03 7.462966549048299925e-01
5.439000000000000000e+03 7.458336994986838331e-01
5.440000000000000000e+03 7.453712015692790516e-01
5.441000000000000000e+03 7.449090683704324700e-01
5.442000000000000000e+03 7.444472841621595505e-01
5.443000000000000000e+03 7.439858361185388569e-01
5.444000000000000000e+03 7.435247144951784293e-01
5.445000000000000000e+03 7.430638384874395097e-01
5.446000000000000000e+03 7.426033534791915969e-01
5.447000000000000000e+03 7.421431111448584250e-01
5.448000000000000000e+03 7.416831894914369672e-01
5.449000000000000000e+03 7.412235214688380758e-01
5.450000000000000000e+03 7.407641921017477094e-01
5.451000000000000000e+03 7.403051413229634337e-01
5.452000000000000000e+03 7.398463867616237311e-01
5.453000000000000000e+03 7.393879493676331904e-01
5.454000000000000000e+03 7.389299275741798567e-01
5.455000000000000000e+03 7.384722000146827225e-01
5.456000000000000000e+03 7.380148710482237195e-01
5.457000000000000000e+03 7.375579734245528707e-01
5.458000000000000000e+03 7.371015423427772495e-01
5.459000000000000000e+03 7.366455409216229322e-01
5.460000000000000000e+03 7.361900827838827599e-01
5.461000000000000000e+03 7.357352089221990132e-01
5.462000000000000000e+03 7.352808131172891004e-01
5.463000000000000000e+03 7.348270873279835191e-01
5.464000000000000000e+03 7.343740013860009519e-01
5.465000000000000000e+03 7.339216739679612633e-01
5.466000000000000000e+03 7.334700004919241234e-01
5.467000000000000000e+03 7.330190988395534069e-01
5.468000000000000000e+03 7.325690120087191559e-01
5.469000000000000000e+03 7.321197077865851943e-01
5.470000000000000000e+03 7.316713755642652028e-01
5.471000000000000000e+03 7.312238317594772496e-01
5.472000000000000000e+03 7.307773366387397829e-01
5.473000000000000000e+03 7.303317026343031371e-01
5.474000000000000000e+03 7.298871111998836980e-01
5.475000000000000000e+03 7.294435182999394751e-01
5.476000000000000000e+03 7.290010256067798178e-01
5.477000000000000000e+03 7.285595088874260439e-01
5.478000000000000000e+03 7.281190635345372586e-01
5.479000000000000000e+03 7.276797072902574381e-01
5.480000000000000000e+03 7.272414544163682271e-01
5.481000000000000000e+03 7.268042413271802449e-01
5.482000000000000000e+03 7.263681493871847472e-01
5.483000000000000000e+03 7.259331820387250334e-01
5.484000000000000000e+03 7.254992648113335330e-01
5.485000000000000000e+03 7.250663939296888572e-01
5.486000000000000000e+03 7.246346363850689754e-01
5.487000000000000000e+03 7.242038329031490473e-01
5.488000000000000000e+03 7.237741180600765212e-01
5.489000000000000000e+03 7.233454004573279805e-01
5.490000000000000000e+03 7.229175857588018284e-01
5.491000000000000000e+03 7.224907997527867387e-01
5.492000000000000000e+03 7.220648686030473051e-01
5.493000000000000000e+03 7.216397648060954850e-01
5.494000000000000000e+03 7.212155331832817984e-01
5.495000000000000000e+03 7.207921426065519999e-01
5.496000000000000000e+03 7.203694863050192909e-01
5.497000000000000000e+03 7.199475307498289789e-01
5.498000000000000000e+03 7.195262416980103826e-01
5.499000000000000000e+03 7.191056588087265666e-01
5.500000000000000000e+03 7.186855988450334687e-01
5.501000000000000000e+03 7.182661017110613111e-01
5.502000000000000000e+03 7.178471336511605960e-01
5.503000000000000000e+03 7.174286618608952670e-01
5.504000000000000000e+03 7.170106548058983176e-01
5.505000000000000000e+03 7.165930082462317330e-01
5.506000000000000000e+03 7.161756940970303020e-01
5.507000000000000000e+03 7.157587607055736489e-01
5.508000000000000000e+03 7.153421102594349490e-01
5.509000000000000000e+03 7.149257961574529974e-01
5.510000000000000000e+03 7.145096518064694147e-01
5.511000000000000000e+03 7.140938107952898850e-01
5.512000000000000000e+03 7.136781127889094689e-01
5.513000000000000000e+03 7.132626236481732773e-01
5.514000000000000000e+03 7.128473384014202274e-01
5.515000000000000000e+03 7.124322556037575582e-01
5.516000000000000000e+03 7.120173030990101237e-01
5.517000000000000000e+03 7.116025608846513473e-01
5.518000000000000000e+03 7.111879639615765747e-01
5.519000000000000000e+03 7.107735251377078622e-01
5.520000000000000000e+03 7.103593349505323840e-01
5.521000000000000000e+03 7.099453387101334334e-01
5.522000000000000000e+03 7.095315592145918782e-01
5.523000000000000000e+03 7.091179480204305996e-01
5.524000000000000000e+03 7.087046823889932012e-01
5.525000000000000000e+03 7.082917193729302285e-01
5.526000000000000000e+03 7.078790184327234947e-01
5.527000000000000000e+03 7.074666154659494666e-01
5.528000000000000000e+03 7.070546968185108527e-01
5.529000000000000000e+03 7.066430790131742468e-01
5.530000000000000000e+03 7.062320255675970104e-01
5.531000000000000000e+03 7.058213552820451486e-01
5.532000000000000000e+03 7.054111847568792504e-01
5.533000000000000000e+03 7.050016309357171052e-01
5.534000000000000000e+03 7.045925879311651929e-01
5.535000000000000000e+03 7.041842466855247062e-01
5.536000000000000000e+03 7.037765003838868383e-01
5.537000000000000000e+03 7.033694641251668767e-01
5.538000000000000000e+03 7.029631774849914860e-01
5.539000000000000000e+03 7.025576042233371288e-01
5.540000000000000000e+03 7.021527805744827155e-01
5.541000000000000000e+03 7.017488149859900659e-01
5.542000000000000000e+03 7.013456650263464320e-01
5.543000000000000000e+03 7.009434342982268085e-01
5.544000000000000000e+03 7.005420008225523576e-01
5.545000000000000000e+03 7.001415368492129865e-01
5.546000000000000000e+03 6.997419144411374248e-01
5.547000000000000000e+03 6.993432996212063379e-01
5.548000000000000000e+03 6.989455580110143229e-01
5.549000000000000000e+03 6.985487747508897227e-01
5.550000000000000000e+03 6.981528830467704783e-01
5.551000000000000000e+03 6.977579612978428436e-01
5.552000000000000000e+03 6.973639359853348596e-01
5.553000000000000000e+03 6.969708045743333580e-01
5.554000000000000000e+03 6.965786355936369745e-01
5.555000000000000000e+03 6.961873458920860847e-01
5.556000000000000000e+03 6.957969236224961218e-01
5.557000000000000000e+03 6.954073541163058314e-01
5.558000000000000000e+03 6.950185457817893431e-01
5.559000000000000000e+03 6.946306274416870208e-01
5.560000000000000000e+03 6.942434285717740128e-01
5.561000000000000000e+03 6.938569995266766766e-01
5.562000000000000000e+03 6.934712403792364643e-01
5.563000000000000000e+03 6.930861983244270830e-01
5.564000000000000000e+03 6.927017708262226403e-01
5.565000000000000000e+03 6.923179287575655927e-01
5.566000000000000000e+03 6.919347166952842798e-01
5.567000000000000000e+03 6.915519560843035318e-01
5.568000000000000000e+03 6.911697655209249058e-01
5.569000000000000000e+03 6.907879667815466362e-01
5.570000000000000000e+03 6.904066793826743043e-01
5.571000000000000000e+03 6.900256523142452858e-01
5.572000000000000000e+03 6.896450814336925195e-01
5.573000000000000000e+03 6.892647926105216483e-01
5.574000000000000000e+03 6.888848362434941697e-01
5.575000000000000000e+03 6.885051160763041578e-01
5.576000000000000000e+03 6.881256122624348492e-01
5.577000000000000000e+03 6.877463072768099650e-01
5.578000000000000000e+03 6.873672603724257923e-01
5.579000000000000000e+03 6.869883105967634629e-01
5.580000000000000000e+03 6.866095969027342649e-01
5.581000000000000000e+03 6.862309639820761697e-01
5.582000000000000000e+03 6.858524823254672498e-01
5.583000000000000000e+03 6.854741511381633456e-01
5.584000000000000000e+03 6.850958983631829646e-01
5.585000000000000000e+03 6.847178035285401698e-01
5.586000000000000000e+03 6.843398005835273912e-01
5.587000000000000000e+03 6.839619749777172686e-01
5.588000000000000000e+03 6.835841921628444950e-01
5.589000000000000000e+03 6.832066174730329067e-01
5.590000000000000000e+03 6.828291960123666904e-01
5.591000000000000000e+03 6.824519496398544494e-01
5.592000000000000000e+03 6.820748282322220968e-01
5.593000000000000000e+03 6.816980066296127738e-01
5.594000000000000000e+03 6.813213644456317386e-01
5.595000000000000000e+03 6.809450058317313426e-01
5.596000000000000000e+03 6.805688878258556729e-01
5.597000000000000000e+03 6.801930429595548500e-01
5.598000000000000000e+03 6.798175790047914502e-01
5.599000000000000000e+03 6.794425301482069912e-01
5.600000000000000000e+03 6.790677824446335054e-01
5.601000000000000000e+03 6.786935192535265005e-01
5.602000000000000000e+03 6.783196267069537821e-01
5.603000000000000000e+03 6.779462134332859824e-01
5.604000000000000000e+03 6.775733131669677833e-01
5.605000000000000000e+03 6.772009587840585043e-01
5.606000000000000000e+03 6.768291820629500632e-01
5.607000000000000000e+03 6.764579391734768521e-01
5.608000000000000000e+03 6.760872590296973517e-01
5.609000000000000000e+03 6.757172430907077976e-01
5.610000000000000000e+03 6.753478423277017306e-01
5.611000000000000000e+03 6.749791547766753608e-01
5.612000000000000000e+03 6.746110557260619478e-01
5.613000000000000000e+03 6.742436415423961327e-01
5.614000000000000000e+03 6.738770061333696493e-01
5.615000000000000000e+03 6.735110180151813175e-01
5.616000000000000000e+03 6.731457659542565697e-01
5.617000000000000000e+03 6.727811875129229291e-01
5.618000000000000000e+03 6.724173661692114390e-01
5.619000000000000000e+03 6.720543084746746221e-01
5.620000000000000000e+03 6.716919440849202783e-01
5.621000000000000000e+03 6.713302743786065951e-01
5.622000000000000000e+03 6.709693725304634038e-01
5.623000000000000000e+03 6.706090864703289078e-01
5.624000000000000000e+03 6.702495589794017494e-01
5.625000000000000000e+03 6.698907078352167588e-01
5.626000000000000000e+03 6.695324488079361647e-01
5.627000000000000000e+03 6.691748443879080854e-01
5.628000000000000000e+03 6.688178811088456577e-01
5.629000000000000000e+03 6.684615440163231836e-01
5.630000000000000000e+03 6.681057425791806503e-01
5.631000000000000000e+03 6.677504594587225784e-01
5.632000000000000000e+03 6.673957507172600945e-01
5.633000000000000000e+03 6.670415231794012412e-01
5.634000000000000000e+03 6.666878317804511012e-01
5.635000000000000000e+03 6.663345083626099896e-01
5.636000000000000000e+03 6.659816075882710740e-01
5.637000000000000000e+03 6.656291100140603323e-01
5.638000000000000000e+03 6.652769965770389815e-01
5.639000000000000000e+03 6.649252487896158970e-01
5.640000000000000000e+03 6.645737746424151826e-01
5.641000000000000000e+03 6.642226316300184896e-01
5.642000000000000000e+03 6.638717297804246353e-01
5.643000000000000000e+03 6.635211289391487188e-01
5.644000000000000000e+03 6.631707417707048968e-01
5.645000000000000000e+03 6.628205567292368983e-01
5.646000000000000000e+03 6.624705638783894290e-01
5.647000000000000000e+03 6.621207549781981117e-01
5.648000000000000000e+03 6.617711235536459791e-01
5.649000000000000000e+03 6.614216649460044062e-01
5.650000000000000000e+03 6.610723763454973145e-01
5.651000000000000000e+03 6.607231825222951160e-01
5.652000000000000000e+03 6.603741586739342306e-01
5.653000000000000000e+03 6.600252332701073144e-01
5.654000000000000000e+03 6.596764851485414916e-01
5.655000000000000000e+03 6.593278463260240363e-01
5.656000000000000000e+03 6.589793247782306240e-01
5.657000000000000000e+03 6.586309300708088621e-01
5.658000000000000000e+03 6.582827475433045139e-01
5.659000000000000000e+03 6.579346410630559916e-01
5.660000000000000000e+03 6.575867728861348738e-01
5.661000000000000000e+03 6.572390835390559127e-01
5.662000000000000000e+03 6.568915145269209610e-01
5.663000000000000000e+03 6.565442310340877663e-01
5.664000000000000000e+03 6.561971760679546906e-01
5.665000000000000000e+03 6.558503674330415922e-01
5.666000000000000000e+03 6.555038232857964831e-01
5.667000000000000000e+03 6.551576362544414556e-01
5.668000000000000000e+03 6.548116761423692367e-01
5.669000000000000000e+03 6.544661097519833826e-01
5.670000000000000000e+03 6.541208807429502725e-01
5.671000000000000000e+03 6.537760066136432124e-01
5.672000000000000000e+03 6.534315042718440436e-01
5.673000000000000000e+03 6.530874641793984470e-01
5.674000000000000000e+03 6.527438273720780337e-01
5.675000000000000000e+03 6.524006081897214537e-01
5.676000000000000000e+03 6.520578198833060224e-01
5.677000000000000000e+03 6.517155488006803887e-01
5.678000000000000000e+03 6.513737314502404674e-01
5.679000000000000000e+03 6.510323772785661101e-01
5.680000000000000000e+03 6.506915686111750530e-01
5.681000000000000000e+03 6.503512377555178414e-01
5.682000000000000000e+03 6.500114641034233642e-01
5.683000000000000000e+03 6.496721026948391042e-01
5.684000000000000000e+03 6.493333784811199383e-01
5.685000000000000000e+03 6.489950692154790035e-01
5.686000000000000000e+03 6.486573225933156550e-01
5.687000000000000000e+03 6.483201363023874952e-01
5.688000000000000000e+03 6.479834323526593165e-01
5.689000000000000000e+03 6.476472057016335881e-01
5.690000000000000000e+03 6.473115243227119953e-01
5.691000000000000000e+03 6.469763064328023505e-01
5.692000000000000000e+03 6.466416177135444476e-01
5.693000000000000000e+03 6.463074485551975057e-01
5.694000000000000000e+03 6.459737141578629771e-01
5.695000000000000000e+03 6.456404032053385533e-01
5.696000000000000000e+03 6.453075779759425146e-01
5.697000000000000000e+03 6.449752258896386259e-01
5.698000000000000000e+03 6.446432596243140134e-01
5.699000000000000000e+03 6.443117400828100028e-01
5.700000000000000000e+03 6.439805793756837593e-01
5.701000000000000000e+03 6.436498380698283395e-01
5.702000000000000000e+03 6.433195024503141068e-01
5.703000000000000000e+03 6.429895589125941280e-01
5.704000000000000000e+03 6.426599197826834420e-01
5.705000000000000000e+03 6.423305719827459015e-01
5.706000000000000000e+03 6.420016514063505708e-01
5.707000000000000000e+03 6.416729973023711509e-01
5.708000000000000000e+03 6.413446723364418789e-01
5.709000000000000000e+03 6.410166655253728418e-01
5.710000000000000000e+03 6.406888922969593558e-01
5.711000000000000000e+03 6.403614173911997831e-01
5.712000000000000000e+03 6.400342320506144933e-01
5.713000000000000000e+03 6.397073283352988637e-01
5.714000000000000000e+03 6.393806991448953703e-01
5.715000000000000000e+03 6.390542639472192032e-01
5.716000000000000000e+03 6.387281659153821733e-01
5.717000000000000000e+03 6.384022519367770210e-01
5.718000000000000000e+03 6.380765925828640883e-01
5.719000000000000000e+03 6.377511849518487930e-01
5.720000000000000000e+03 6.374259526375475327e-01
5.721000000000000000e+03 6.371010428252225077e-01
5.722000000000000000e+03 6.367763805459124571e-01
5.723000000000000000e+03 6.364518914764768498e-01
5.724000000000000000e+03 6.361277247344916397e-01
5.725000000000000000e+03 6.358037328345136352e-01
5.726000000000000000e+03 6.354800658928571044e-01
5.727000000000000000e+03 6.351565772946352606e-01
5.728000000000000000e+03 6.348334178944122774e-01
5.729000000000000000e+03 6.345104416811954140e-01
5.730000000000000000e+03 6.341877999786598163e-01
5.731000000000000000e+03 6.338653471112113413e-01
5.732000000000000000e+03 6.335432346070197784e-01
5.733000000000000000e+03 6.332213911521235028e-01
5.734000000000000000e+03 6.328998196657273922e-01
5.735000000000000000e+03 6.325785229621200267e-01
5.736000000000000000e+03 6.322575037010641497e-01
5.737000000000000000e+03 6.319367643428808190e-01
5.738000000000000000e+03 6.316163071094960113e-01
5.739000000000000000e+03 6.312962082348534398e-01
5.740000000000000000e+03 6.309763208042186156e-01
5.741000000000000000e+03 6.306567947185280909e-01
5.742000000000000000e+03 6.303375566962013954e-01
5.743000000000000000e+03 6.300186816840387394e-01
5.744000000000000000e+03 6.297000214393770889e-01
5.745000000000000000e+03 6.293817245209974987e-01
5.746000000000000000e+03 6.290637163174137569e-01
5.747000000000000000e+03 6.287460704828677915e-01
5.748000000000000000e+03 6.284286375444293471e-01
5.749000000000000000e+03 6.281115649158389713e-01
5.750000000000000000e+03 6.277947769473231077e-01
5.751000000000000000e+03 6.274783463814896933e-01
5.752000000000000000e+03 6.271621972612891893e-01
5.753000000000000000e+03 6.268463278250794302e-01
5.754000000000000000e+03 6.265308105537802374e-01
5.755000000000000000e+03 6.262155693686506375e-01
5.756000000000000000e+03 6.259006025306673715e-01
5.757000000000000000e+03 6.255859826898956255e-01
5.758000000000000000e+03 6.252716340830927200e-01
5.759000000000000000e+03 6.249576297143311088e-01
5.760000000000000000e+03 6.246438942656106219e-01
5.761000000000000000e+03 6.243305012725931524e-01
5.762000000000000000e+03 6.240173760281476634e-01
5.763000000000000000e+03 6.237045927509462517e-01
5.764000000000000000e+03 6.233920774801937625e-01
5.765000000000000000e+03 6.230799052333882981e-01
5.766000000000000000e+03 6.227680028912135901e-01
5.767000000000000000e+03 6.224564463435504624e-01
5.768000000000000000e+03 6.221451633616106314e-01
5.769000000000000000e+03 6.218342307317686890e-01
5.770000000000000000e+03 6.215235771144043131e-01
5.771000000000000000e+03 6.212133544482507652e-01
5.772000000000000000e+03 6.209033429085605293e-01
5.773000000000000000e+03 6.205937657381003225e-01
5.774000000000000000e+03 6.202844743573345809e-01
5.775000000000000000e+03 6.199755433474966049e-01
5.776000000000000000e+03 6.196668989896821911e-01
5.777000000000000000e+03 6.193586163495008456e-01
5.778000000000000000e+03 6.190506963736915891e-01
5.779000000000000000e+03 6.187430658330614897e-01
5.780000000000000000e+03 6.184358743958462412e-01
5.781000000000000000e+03 6.181289745807356795e-01
5.782000000000000000e+03 6.178223673933596061e-01
5.783000000000000000e+03 6.175162022607384449e-01
5.784000000000000000e+03 6.172103312648119511e-01
5.785000000000000000e+03 6.169048290623337927e-01
5.786000000000000000e+03 6.165996956873287527e-01
5.787000000000000000e+03 6.162949307740464011e-01
5.788000000000000000e+03 6.159905334990510850e-01
5.789000000000000000e+03 6.156864282443810232e-01
5.790000000000000000e+03 6.153827616824844027e-01
5.791000000000000000e+03 6.150793827488919563e-01
5.792000000000000000e+03 6.147763625890152461e-01
5.793000000000000000e+03 6.144736973944808778e-01
5.794000000000000000e+03 6.141713826634400686e-01
5.795000000000000000e+03 6.138694131855528813e-01
5.796000000000000000e+03 6.135677830353925000e-01
5.797000000000000000e+03 6.132664855739394794e-01
5.798000000000000000e+03 6.129655134594685917e-01
5.799000000000000000e+03 6.126648586667547969e-01
5.800000000000000000e+03 6.123645125155341429e-01
5.801000000000000000e+03 6.120644657078141426e-01
5.802000000000000000e+03 6.117647083738296798e-01
5.803000000000000000e+03 6.114652301262093470e-01
5.804000000000000000e+03 6.111660201223828581e-01
5.805000000000000000e+03 6.108670671344569314e-01
5.806000000000000000e+03 6.105683596263596913e-01
5.807000000000000000e+03 6.102699601200014534e-01
5.808000000000000000e+03 6.099717081505208194e-01
5.809000000000000000e+03 6.096737403442564762e-01
5.810000000000000000e+03 6.093758962480444463e-01
5.811000000000000000e+03 6.090783126977487028e-01
5.812000000000000000e+03 6.087809782194406605e-01
5.813000000000000000e+03 6.084837331329261412e-01
5.814000000000000000e+03 6.081867153553768279e-01
5.815000000000000000e+03 6.078897662355239317e-01
5.816000000000000000e+03 6.075930249208815193e-01
5.817000000000000000e+03 6.072964827527806975e-01
5.818000000000000000e+03 6.069999833577286452e-01
5.819000000000000000e+03 6.067036684343193320e-01
5.820000000000000000e+03 6.064074578478869659e-01
5.821000000000000000e+03 6.061114211195325341e-01
5.822000000000000000e+03 6.058154060715542633e-01
5.823000000000000000e+03 6.055195588657538153e-01
5.824000000000000000e+03 6.052238783459067406e-01
5.825000000000000000e+03 6.049282903536363776e-01
5.826000000000000000e+03 6.046327963170049502e-01
5.827000000000000000e+03 6.043373989760821852e-01
5.828000000000000000e+03 6.040421766634156420e-01
5.829000000000000000e+03 6.037471347217980844e-01
5.830000000000000000e+03 6.034521311924146980e-01
5.831000000000000000e+03 6.031573967584671347e-01
5.832000000000000000e+03 6.028627175734432297e-01
5.833000000000000000e+03 6.025683265972175962e-01
5.834000000000000000e+03 6.022740121164396054e-01
5.835000000000000000e+03 6.019800090576550300e-01
5.836000000000000000e+03 6.016861074849628732e-01
5.837000000000000000e+03 6.013925438924871969e-01
5.838000000000000000e+03 6.010991096826779900e-01
5.839000000000000000e+03 6.008060424411575395e-01
5.840000000000000000e+03 6.005132086830351490e-01
5.841000000000000000e+03 6.002206236970522024e-01
5.842000000000000000e+03 5.999283771157424283e-01
5.843000000000000000e+03 5.996364841996659756e-01
5.844000000000000000e+03 5.993448856854531881e-01
5.845000000000000000e+03 5.990536704841616933e-01
5.846000000000000000e+03 5.987628526787746042e-01
5.847000000000000000e+03 5.984723713743986817e-01
5.848000000000000000e+03 5.981823134024729649e-01
5.849000000000000000e+03 5.978926903287464789e-01
5.850000000000000000e+03 5.976034383181395571e-01
5.851000000000000000e+03 5.973146408578212663e-01
5.852000000000000000e+03 5.970263057879428015e-01
5.853000000000000000e+03 5.967384394772782263e-01
5.854000000000000000e+03 5.964509724425649528e-01
5.855000000000000000e+03 5.961639821151982765e-01
5.856000000000000000e+03 5.958774699194183677e-01
5.857000000000000000e+03 5.955914354997779991e-01
5.858000000000000000e+03 5.953058766799743662e-01
5.859000000000000000e+03 5.950207151537338923e-01
5.860000000000000000e+03 5.947360193261196359e-01
5.861000000000000000e+03 5.944518557538229775e-01
5.862000000000000000e+03 5.941680663191801770e-01
5.863000000000000000e+03 5.938847139715666135e-01
5.864000000000000000e+03 5.936017113680429613e-01
5.865000000000000000e+03 5.933191923645648735e-01
5.866000000000000000e+03 5.930370664051387575e-01
5.867000000000000000e+03 5.927552414776422474e-01
5.868000000000000000e+03 5.924738470845121174e-01
5.869000000000000000e+03 5.921927886752169634e-01
5.870000000000000000e+03 5.919119706435033157e-01
5.871000000000000000e+03 5.916315193358459013e-01
5.872000000000000000e+03 5.913512632352462273e-01
5.873000000000000000e+03 5.910713274066896616e-01
5.874000000000000000e+03 5.907916136969587617e-01
5.875000000000000000e+03 5.905120237760294044e-01
5.876000000000000000e+03 5.902326821820047531e-01
5.877000000000000000e+03 5.899534908173988956e-01
5.878000000000000000e+03 5.896744262809955339e-01
5.879000000000000000e+03 5.893954657812227049e-01
5.880000000000000000e+03 5.891165873302003364e-01
5.881000000000000000e+03 5.888378442167274684e-01
5.882000000000000000e+03 5.885590680553215437e-01
5.883000000000000000e+03 5.882803889455673341e-01
5.884000000000000000e+03 5.880017156528219990e-01
5.885000000000000000e+03 5.877230328962401718e-01
5.886000000000000000e+03 5.874443272060316801e-01
5.887000000000000000e+03 5.871656613336356800e-01
5.888000000000000000e+03 5.868869515123319447e-01
5.889000000000000000e+03 5.866081904021740456e-01
5.890000000000000000e+03 5.863293728827311257e-01
5.891000000000000000e+03 5.860505703949757672e-01
5.892000000000000000e+03 5.857717081286917260e-01
5.893000000000000000e+03 5.854927878919505835e-01
5.894000000000000000e+03 5.852138138257568789e-01
5.895000000000000000e+03 5.849348666651734696e-01
5.896000000000000000e+03 5.846558808462860579e-01
5.897000000000000000e+03 5.843769415770045939e-01
5.898000000000000000e+03 5.840979876198326703e-01
5.899000000000000000e+03 5.838190340400022382e-01
5.900000000000000000e+03 5.835401720841049134e-01
5.901000000000000000e+03 5.832613461905424845e-01
5.902000000000000000e+03 5.829826509675454238e-01
5.903000000000000000e+03 5.827040338877989001e-01
5.904000000000000000e+03 5.824255922367788108e-01
5.905000000000000000e+03 5.821472757805784548e-01
5.906000000000000000e+03 5.818691094070819192e-01
5.907000000000000000e+03 5.815911929072975495e-01
5.908000000000000000e+03 5.813135521826036101e-01
5.909000000000000000e+03 5.810361390131041359e-01
5.910000000000000000e+03 5.807589793895380215e-01
5.911000000000000000e+03 5.804822475607418486e-01
5.912000000000000000e+03 5.802057458129453726e-01
5.913000000000000000e+03 5.799297213553727959e-01
5.914000000000000000e+03 5.796540489734328672e-01
5.915000000000000000e+03 5.793787507916625668e-01
5.916000000000000000e+03 5.791039217775878489e-01
5.917000000000000000e+03 5.788295809725918506e-01
5.918000000000000000e+03 5.785557455864985821e-01
5.919000000000000000e+03 5.782823565387056330e-01
5.920000000000000000e+03 5.780095011501851232e-01
5.921000000000000000e+03 5.777371158677784280e-01
5.922000000000000000e+03 5.774653575591703891e-01
5.923000000000000000e+03 5.771940834260057551e-01
5.924000000000000000e+03 5.769232966235555704e-01
5.925000000000000000e+03 5.766531462012592923e-01
5.926000000000000000e+03 5.763834813650622335e-01
5.927000000000000000e+03 5.761143714482288569e-01
5.928000000000000000e+03 5.758458087868910669e-01
5.929000000000000000e+03 5.755777830368508097e-01
5.930000000000000000e+03 5.753102069461194512e-01
5.931000000000000000e+03 5.750432135682707058e-01
5.932000000000000000e+03 5.747766363795098199e-01
5.933000000000000000e+03 5.745105293861233475e-01
5.934000000000000000e+03 5.742448701342609541e-01
5.935000000000000000e+03 5.739796341563494497e-01
5.936000000000000000e+03 5.737147951523648981e-01
5.937000000000000000e+03 5.734502509040476648e-01
5.938000000000000000e+03 5.731861206218058502e-01
5.939000000000000000e+03 5.729222994692406701e-01
5.940000000000000000e+03 5.726586816509867672e-01
5.941000000000000000e+03 5.723953835092832065e-01
5.942000000000000000e+03 5.721322237929885590e-01
5.943000000000000000e+03 5.718693181835318162e-01
5.944000000000000000e+03 5.716064852878625091e-01
5.945000000000000000e+03 5.713438411674368611e-01
5.946000000000000000e+03 5.710812796129109969e-01
5.947000000000000000e+03 5.708186952495138966e-01
5.948000000000000000e+03 5.705562066357060536e-01
5.949000000000000000e+03 5.702937114184306600e-01
5.950000000000000000e+03 5.700311855452030452e-01
5.951000000000000000e+03 5.697686073466714518e-01
5.952000000000000000e+03 5.695060314045579108e-01
5.953000000000000000e+03 5.692432916013924205e-01
5.954000000000000000e+03 5.689804469872232762e-01
5.955000000000000000e+03 5.687175590745905396e-01
5.956000000000000000e+03 5.684545433956614824e-01
5.957000000000000000e+03 5.681913924544873540e-01
5.958000000000000000e+03 5.679281758050686024e-01
5.959000000000000000e+03 5.676647429711807469e-01
5.960000000000000000e+03 5.674012434598428856e-01
5.961000000000000000e+03 5.671376067806391807e-01
5.962000000000000000e+03 5.668738395579857592e-01
5.963000000000000000e+03 5.666100254845364281e-01
5.964000000000000000e+03 5.663461023986461340e-01
5.965000000000000000e+03 5.660820850388339487e-01
5.966000000000000000e+03 5.658180649242113835e-01
5.967000000000000000e+03 5.655539873613035784e-01
5.968000000000000000e+03 5.652898741308867159e-01
5.969000000000000000e+03 5.650258233038807365e-01
5.970000000000000000e+03 5.647617861884797197e-01
5.971000000000000000e+03 5.644977899613855543e-01
5.972000000000000000e+03 5.642339374334066626e-01
5.973000000000000000e+03 5.639701839519277726e-01
5.974000000000000000e+03 5.637066342769765370e-01
5.975000000000000000e+03 5.634432451807142028e-01
5.976000000000000000e+03 5.631801223088049868e-01
5.977000000000000000e+03 5.629172227697631925e-01
5.978000000000000000e+03 5.626546519913236954e-01
5.979000000000000000e+03 5.623923663092215142e-01
5.980000000000000000e+03 5.621304698280520373e-01
5.981000000000000000e+03 5.618689170196359273e-01
5.982000000000000000e+03 5.616078095979097906e-01
5.983000000000000000e+03 5.613470991361269036e-01
5.984000000000000000e+03 5.610868839652779494e-01
5.985000000000000000e+03 5.608271118188713489e-01
5.986000000000000000e+03 5.605678767630661863e-01
5.987000000000000000e+03 5.603091961609416582e-01
5.988000000000000000e+03 5.600510105074680833e-01
5.989000000000000000e+03 5.597934061370578585e-01
5.990000000000000000e+03 5.595363922535326884e-01
5.991000000000000000e+03 5.592799008343679601e-01
5.992000000000000000e+03 5.590240836951129166e-01
5.993000000000000000e+03 5.587687181765538247e-01
5.994000000000000000e+03 5.585140242458728199e-01
5.995000000000000000e+03 5.582598473865750810e-01
5.996000000000000000e+03 5.580062529019681472e-01
5.997000000000000000e+03 5.577532288427105023e-01
5.998000000000000000e+03 5.575006860943290121e-01
5.999000000000000000e+03 5.572486813404211592e-01
6.000000000000000000e+03 5.569971943488565280e-01
6.001000000000000000e+03 5.567462024153445599e-01
6.002000000000000000e+03 5.564956805446866772e-01
6.003000000000000000e+03 5.562456016527864699e-01
6.004000000000000000e+03 5.559958625033101232e-01
6.005000000000000000e+03 5.557465067946467663e-01
6.006000000000000000e+03 5.554975768443601858e-01
6.007000000000000000e+03 5.552488910021270430e-01
6.008000000000000000e+03 5.550004896243559971e-01
6.009000000000000000e+03 5.547523382213952470e-01
6.010000000000000000e+03 5.545044020276757024e-01
6.011000000000000000e+03 5.542565720075010027e-01
6.012000000000000000e+03 5.540089622783547219e-01
6.013000000000000000e+03 5.537614646973837429e-01
6.014000000000000000e+03 5.535140462778785908e-01
6.015000000000000000e+03 5.532666751807834293e-01
6.016000000000000000e+03 5.530192466970549336e-01
6.017000000000000000e+03 5.527718806351336056e-01
6.018000000000000000e+03 5.525244758594174410e-01
6.019000000000000000e+03 5.522770076477088175e-01
6.020000000000000000e+03 5.520294536123585560e-01
6.021000000000000000e+03 5.517817938857193516e-01
6.022000000000000000e+03 5.515340855668976472e-01
6.023000000000000000e+03 5.512861657283216754e-01
6.024000000000000000e+03 5.510381715162815386e-01
6.025000000000000000e+03 5.507899459741674164e-01
6.026000000000000000e+03 5.505416323751710639e-01
6.027000000000000000e+03 5.502931542763433992e-01
6.028000000000000000e+03 5.500445869475593108e-01
6.029000000000000000e+03 5.497957859385164125e-01
6.030000000000000000e+03 5.495469070210022844e-01
6.031000000000000000e+03 5.492978861355056752e-01
6.032000000000000000e+03 5.490487364307874429e-01
6.033000000000000000e+03 5.487994738609131007e-01
6.034000000000000000e+03 5.485501913252568418e-01
6.035000000000000000e+03 5.483008356519240012e-01
6.036000000000000000e+03 5.480514302614609701e-01
6.037000000000000000e+03 5.478020749597307670e-01
6.038000000000000000e+03 5.475527228635083121e-01
6.039000000000000000e+03 5.473034030109545922e-01
6.040000000000000000e+03 5.470542201081964873e-01
6.041000000000000000e+03 5.468051314140710550e-01
6.042000000000000000e+03 5.465561693169221913e-01
6.043000000000000000e+03 5.463074410543913295e-01
6.044000000000000000e+03 5.460589055786051471e-01
6.045000000000000000e+03 5.458105961209416268e-01
6.046000000000000000e+03 5.455626199070062743e-01
6.047000000000000000e+03 5.453149350245476423e-01
6.048000000000000000e+03 5.450676472823964280e-01
6.049000000000000000e+03 5.448207128086165474e-01
6.050000000000000000e+03 5.445741606451042216e-01
